,주소,급속충전기(대),완속충전기(대),지원차종
10,서울특별시 강남구 자곡동,1,4,"SM3 Z.E,레이EV,소울EV,닛산리프,아이오닉EV,BMW i3,스파크EV,볼트EV,테슬라"
11,서울특별시 강남구 논현동,1,0,"SM3 Z.E,레이EV,소울EV,닛산리프,아이오닉EV,BMW i3,스파크EV,볼트EV,테슬라"
12,서울특별시 강남구 일원동,1,0,"SM3 Z.E,레이EV,소울EV,닛산리프,아이오닉EV,BMW i3,스파크EV,볼트EV,테슬라"
13,서울특별시 강남구 삼성동,1,0,"SM3 Z.E,레이EV,소울EV,닛산리프,아이오닉EV,BMW i3,스파크EV,볼트EV,테슬라"
14,서울특별시 강남구 세곡동,1,1,"SM3 Z.E,레이EV,소울EV,닛산리프,아이오닉EV,BMW i3,스파크EV,볼트EV,테슬라"
15,서울특별시 강남구 수서동,1,3,"SM3 Z.E,레이EV,소울EV,닛산리프,아이오닉EV,BMW i3,스파크EV,볼트EV,테슬라"
16,서울특별시 강남구 도곡동,2,0,"SM3 Z.E,레이EV,소울EV,닛산리프,아이오닉EV,BMW i3,스파크EV,볼트EV,테슬라"
17,서울특별시 강남구 자곡동,1,1,"SM3 Z.E,레이EV,소울EV,닛산리프,아이오닉EV,BMW i3,스파크EV,볼트EV,테슬라"
18,서울특별시 강남구 율현동,0,2,"SM3 Z.E,레이EV,소울EV,닛산리프,아이오닉EV,BMW i3,스파크EV,볼트EV,테슬라"
19,서울특별시 강남구 율현동,1,2,"SM3 Z.E,레이EV,소울EV,닛산리프,아이오닉EV,BMW i3,스파크EV,볼트EV,테슬라"
20,서울특별시 강남구 자곡동,1,4,"SM3 Z.E,레이EV,소울EV,닛산리프,아이오닉EV,BMW i3,스파크EV,볼트EV,테슬라"
21,서울특별시 강남구 역삼동,1,2,"SM3 Z.E,레이EV,소울EV,닛산리프,아이오닉EV,BMW i3,스파크EV,볼트EV,테슬라"
22,서울특별시 강남구 역삼동,0,3,"SM3 Z.E,레이EV,소울EV,닛산리프,아이오닉EV,BMW i3,스파크EV,볼트EV,테슬라"
23,서울특별시 강남구 일원동,1,1,"SM3 Z.E,레이EV,소울EV,닛산리프,아이오닉EV,BMW i3,스파크EV,볼트EV,테슬라"
24,서울특별시 강남구 역삼동,1,0,"SM3 Z.E,테슬라"
25,서울특별시 강남구 삼성동,0,1,"SM3 Z.E,레이EV,소울EV,닛산리프,아이오닉EV,BMW i3,스파크EV,볼트EV,테슬라"
26,서울특별시 강남구 대치동,1,0,"SM3 Z.E,테슬라"
27,서울특별시 강남구 대치동,1,1,"SM3 Z.E,레이EV,소울EV,닛산리프,아이오닉EV,BMW i3,스파크EV,볼트EV,테슬라"
28,서울특별시 강남구 도곡동,1,0,"SM3 Z.E,레이EV,소울EV,닛산리프,아이오닉EV,BMW i3,스파크EV,볼트EV,테슬라"
29,서울특별시 강남구 논현동,2,2,"SM3 Z.E,레이EV,소울EV,닛산리프,아이오닉EV,BMW i3,스파크EV,볼트EV,테슬라"
30,서울특별시 강남구 대치동,0,2,"SM3 Z.E,레이EV,소울EV,닛산리프,아이오닉EV,BMW i3,스파크EV,볼트EV,테슬라"
31,서울특별시 강남구 삼성동,0,1,"SM3 Z.E,레이EV,소울EV,닛산리프,아이오닉EV,BMW i3,스파크EV,볼트EV,테슬라"
32,서울특별시 강남구 자곡동,1,2,"SM3 Z.E,레이EV,소울EV,닛산리프,아이오닉EV,BMW i3,스파크EV,볼트EV,테슬라"
33,서울특별시 강남구 역삼동,1,1,"SM3 Z.E,레이EV,소울EV,닛산리프,아이오닉EV,BMW i3,스파크EV,볼트EV,테슬라"
34,서울특별시 강남구 대치동,2,0,"SM3 Z.E,레이EV,소울EV,닛산리프,아이오닉EV,BMW i3,스파크EV,볼트EV,테슬라"
35,서울특별시 강남구 대치동,1,1,"SM3 Z.E,레이EV,소울EV,닛산리프,아이오닉EV,BMW i3,스파크EV,볼트EV,테슬라"
36,서울특별시 강남구 삼성동,0,2,"레이EV,소울EV,닛산리프,아이오닉EV,BMW i3,스파크EV,볼트EV"
37,서울특별시 강남구 삼성동,0,1,"SM3 Z.E,레이EV,소울EV,닛산리프,아이오닉EV,BMW i3,스파크EV,볼트EV,테슬라"
38,서울특별시 강남구 삼성동,0,1,"SM3 Z.E,레이EV,소울EV,닛산리프,아이오닉EV,BMW i3,스파크EV,볼트EV,테슬라"
39,서울특별시 강남구 삼성동,0,1,"SM3 Z.E,레이EV,소울EV,닛산리프,아이오닉EV,BMW i3,스파크EV,볼트EV,테슬라"
40,서울특별시 강남구 삼성동,1,3,"SM3 Z.E,레이EV,소울EV,닛산리프,아이오닉EV,BMW i3,스파크EV,볼트EV,테슬라"
41,서울특별시 강남구 삼성동,0,2,"SM3 Z.E,레이EV,소울EV,닛산리프,아이오닉EV,BMW i3,스파크EV,볼트EV,테슬라"
42,서울특별시 강남구 삼성동,0,1,"SM3 Z.E,레이EV,소울EV,닛산리프,아이오닉EV,BMW i3,스파크EV,볼트EV,테슬라"
43,서울특별시 강남구 삼성동,0,2,"SM3 Z.E,레이EV,소울EV,닛산리프,아이오닉EV,BMW i3,스파크EV,볼트EV,테슬라"
44,서울특별시 강남구 일원동,1,0,"SM3 Z.E,레이EV,소울EV,닛산리프,아이오닉EV,BMW i3,스파크EV,볼트EV,테슬라"
45,서울특별시 강남구 세곡동,0,3,"SM3 Z.E,레이EV,소울EV,닛산리프,아이오닉EV,BMW i3,스파크EV,볼트EV,테슬라"
46,서울특별시 강남구 세곡동,1,0,"SM3 Z.E,레이EV,소울EV,닛산리프,아이오닉EV,BMW i3,스파크EV,볼트EV,테슬라"
47,서울특별시 강남구 세곡동,1,1,"SM3 Z.E,레이EV,소울EV,닛산리프,아이오닉EV,BMW i3,스파크EV,볼트EV,테슬라"
48,서울특별시 강남구 세곡동,1,1,"SM3 Z.E,레이EV,소울EV,닛산리프,아이오닉EV,BMW i3,스파크EV,볼트EV,테슬라"
49,서울특별시 강남구 삼성동,1,0,"SM3 Z.E,레이EV,소울EV,닛산리프,아이오닉EV,BMW i3,스파크EV,볼트EV,테슬라"
50,서울특별시 강남구 논현동,1,2,"SM3 Z.E,레이EV,소울EV,닛산리프,아이오닉EV,BMW i3,스파크EV,볼트EV,테슬라"
51,서울특별시 강남구 신사동,0,2,"SM3 Z.E,레이EV,소울EV,닛산리프,아이오닉EV,BMW i3,스파크EV,볼트EV,테슬라"
52,서울특별시 강남구 역삼동,0,3,"SM3 Z.E,레이EV,소울EV,닛산리프,아이오닉EV,BMW i3,스파크EV,볼트EV,테슬라"
53,서울특별시 강남구 역삼동,1,3,"SM3 Z.E,레이EV,소울EV,닛산리프,아이오닉EV,BMW i3,스파크EV,볼트EV,테슬라"
54,서울특별시 강남구 역삼동,1,4,"SM3 Z.E,레이EV,소울EV,닛산리프,아이오닉EV,BMW i3,스파크EV,볼트EV,테슬라"
55,서울특별시 강남구 대치동,0,1,"SM3 Z.E,레이EV,소울EV,닛산리프,아이오닉EV,BMW i3,스파크EV,볼트EV,테슬라"
56,서울특별시 강남구 청담동,0,1,"SM3 Z.E,레이EV,소울EV,닛산리프,아이오닉EV,BMW i3,스파크EV,볼트EV,테슬라"
57,서울특별시 강남구 청담동,1,3,"SM3 Z.E,레이EV,소울EV,닛산리프,아이오닉EV,BMW i3,스파크EV,볼트EV,테슬라"
58,서울특별시 강남구 청담동,0,1,"SM3 Z.E,레이EV,소울EV,닛산리프,아이오닉EV,BMW i3,스파크EV,볼트EV,테슬라"
59,서울특별시 강남구 도곡동,1,1,"SM3 Z.E,레이EV,소울EV,닛산리프,아이오닉EV,BMW i3,스파크EV,볼트EV,테슬라"
60,서울특별시 강남구 도곡동,1,4,"SM3 Z.E,레이EV,소울EV,닛산리프,아이오닉EV,BMW i3,스파크EV,볼트EV,테슬라"
61,서울특별시 강남구 도곡동,1,2,"SM3 Z.E,레이EV,소울EV,닛산리프,아이오닉EV,BMW i3,스파크EV,볼트EV,테슬라"
62,서울특별시 강남구 율현동,1,0,"SM3 Z.E,레이EV,소울EV,닛산리프,아이오닉EV,BMW i3,스파크EV,볼트EV,테슬라"
63,서울특별시 강남구 역삼동,0,2,"SM3 Z.E,레이EV,소울EV,닛산리프,아이오닉EV,BMW i3,스파크EV,볼트EV,테슬라"
64,서울특별시 강남구 길동,1,2,"SM3 Z.E,레이EV,소울EV,닛산리프,아이오닉EV,BMW i3,스파크EV,볼트EV,테슬라"
65,서울특별시 강남구 성내동,1,0,"SM3 Z.E,테슬라"
66,서울특별시 강남구 둔촌동,1,3,"SM3 Z.E,레이EV,소울EV,닛산리프,아이오닉EV,BMW i3,스파크EV,볼트EV,테슬라"
67,서울특별시 강남구 상일동,2,0,"SM3 Z.E,테슬라"
68,서울특별시 강남구 천호동,1,2,"SM3 Z.E,레이EV,소울EV,닛산리프,아이오닉EV,BMW i3,스파크EV,볼트EV,테슬라"
69,서울특별시 강동구 강일동,1,0,"SM3 Z.E,레이EV,소울EV,닛산리프,아이오닉EV,BMW i3,스파크EV,볼트EV,테슬라"
70,서울특별시 강동구 강일동,1,0,"SM3 Z.E,레이EV,소울EV,닛산리프,아이오닉EV,BMW i3,스파크EV,볼트EV,테슬라"
71,서울특별시 강동구 강일동,0,1,"SM3 Z.E,레이EV,소울EV,닛산리프,아이오닉EV,BMW i3,스파크EV,볼트EV,테슬라"
72,서울특별시 강동구 강일동,1,1,"SM3 Z.E,레이EV,소울EV,닛산리프,아이오닉EV,BMW i3,스파크EV,볼트EV,테슬라"
73,서울특별시 강동구 강일동,1,3,"SM3 Z.E,레이EV,소울EV,닛산리프,아이오닉EV,BMW i3,스파크EV,볼트EV,테슬라"
74,서울특별시 강동구 강일동,1,3,"SM3 Z.E,레이EV,소울EV,닛산리프,아이오닉EV,BMW i3,스파크EV,볼트EV,테슬라"
75,서울특별시 강남구 성내동,0,2,"SM3 Z.E,레이EV,소울EV,닛산리프,아이오닉EV,BMW i3,스파크EV,볼트EV,테슬라"
76,서울특별시 강동구 강일동,0,2,"SM3 Z.E,레이EV,소울EV,닛산리프,아이오닉EV,BMW i3,스파크EV,볼트EV,테슬라"
77,서울특별시 강동구 강일동,2,6,"SM3 Z.E,레이EV,소울EV,닛산리프,아이오닉EV,BMW i3,스파크EV,볼트EV,테슬라"
78,서울특별시 강동구 고덕동,1,3,"SM3 Z.E,레이EV,소울EV,닛산리프,아이오닉EV,BMW i3,스파크EV,볼트EV,테슬라"
79,서울특별시 강남구 길동,1,2,"SM3 Z.E,레이EV,소울EV,닛산리프,아이오닉EV,BMW i3,스파크EV,볼트EV,테슬라"
80,서울특별시 강동구 천호동 ,0,2,"SM3 Z.E,레이EV,소울EV,닛산리프,아이오닉EV,BMW i3,스파크EV,볼트EV,테슬라"
81,서울특별시 강남구 둔촌동,1,3,"SM3 Z.E,레이EV,소울EV,닛산리프,아이오닉EV,BMW i3,스파크EV,볼트EV,테슬라"
82,서울특별시 강동구 명일동 ,2,0,"SM3 Z.E,레이EV,소울EV,닛산리프,아이오닉EV,BMW i3,스파크EV,볼트EV,테슬라"
83,서울특별시 강동구 명일동 ,1,0,"SM3 Z.E,레이EV,소울EV,닛산리프,아이오닉EV,BMW i3,스파크EV,볼트EV,테슬라"
84,서울특별시 강동구 명일동 ,0,2,"SM3 Z.E,레이EV,소울EV,닛산리프,아이오닉EV,BMW i3,스파크EV,볼트EV,테슬라"
85,서울특별시 강남구 성내동,0,2,"SM3 Z.E,레이EV,소울EV,닛산리프,아이오닉EV,BMW i3,스파크EV,볼트EV,테슬라"
86,서울특별시 강남구 성내동,0,1,"SM3 Z.E,레이EV,소울EV,닛산리프,아이오닉EV,BMW i3,스파크EV,볼트EV,테슬라"
87,서울특별시 강남구 성내동,1,4,"SM3 Z.E,레이EV,소울EV,닛산리프,아이오닉EV,BMW i3,스파크EV,볼트EV,테슬라"
88,서울특별시 강남구 둔촌동,1,2,"SM3 Z.E,레이EV,소울EV,닛산리프,아이오닉EV,BMW i3,스파크EV,볼트EV,테슬라"
89,서울특별시 강동구 암사동 ,0,1,"SM3 Z.E,레이EV,소울EV,닛산리프,아이오닉EV,BMW i3,스파크EV,볼트EV,테슬라"
90,서울특별시 강남구 둔촌동,0,1,"SM3 Z.E,레이EV,소울EV,닛산리프,아이오닉EV,BMW i3,스파크EV,볼트EV,테슬라"
91,서울특별시 강남구 천호동,2,0,"SM3 Z.E,레이EV,소울EV,닛산리프,아이오닉EV,BMW i3,스파크EV,볼트EV,테슬라"
92,서울특별시 강남구 천호동,2,0,"SM3 Z.E,테슬라"
93,서울특별시 강동구 암사동 ,0,1,"SM3 Z.E,레이EV,소울EV,닛산리프,아이오닉EV,BMW i3,스파크EV,볼트EV,테슬라"
94,서울특별시 강동구 천호동 ,1,2,"SM3 Z.E,레이EV,소울EV,닛산리프,아이오닉EV,BMW i3,스파크EV,볼트EV,테슬라"
95,서울특별시 강동구 천호동 ,3,0,"SM3 Z.E,레이EV,소울EV,닛산리프,아이오닉EV,BMW i3,스파크EV,볼트EV,테슬라"
96,서울특별시 강동구 천호동 ,1,0,"SM3 Z.E,레이EV,소울EV,닛산리프,아이오닉EV,BMW i3,스파크EV,볼트EV,테슬라"
97,서울특별시 강동구 암사동 ,0,5,"SM3 Z.E,레이EV,소울EV,닛산리프,아이오닉EV,BMW i3,스파크EV,볼트EV,테슬라"
141,서울특별시 강북구 수유동 ,1,0,"SM3 Z.E,테슬라"
142,서울특별시 강북구 미아동 ,0,7,"SM3 Z.E,레이EV,소울EV,닛산리프,아이오닉EV,BMW i3,스파크EV,볼트EV,테슬라"
143,서울특별시 강북구 미아동 ,6,2,"SM3 Z.E,레이EV,소울EV,닛산리프,아이오닉EV,BMW i3,스파크EV,볼트EV,테슬라"
144,서울특별시 강북구 미아동 ,1,1,"SM3 Z.E,레이EV,소울EV,닛산리프,아이오닉EV,BMW i3,스파크EV,볼트EV,테슬라"
145,서울특별시 강북구 미아동 ,1,2,"SM3 Z.E,레이EV,소울EV,닛산리프,아이오닉EV,BMW i3,스파크EV,볼트EV,테슬라"
146,서울특별시 강북구 미아동 ,0,2,"SM3 Z.E,레이EV,소울EV,닛산리프,아이오닉EV,BMW i3,스파크EV,볼트EV,테슬라"
147,서울특별시 강북구 번동 ,2,0,"SM3 Z.E,테슬라"
148,서울특별시 강북구 번동 ,1,0,"SM3 Z.E,레이EV,소울EV,닛산리프,아이오닉EV,BMW i3,스파크EV,볼트EV,테슬라"
149,서울특별시 강북구 번동 ,0,2,"SM3 Z.E,레이EV,소울EV,닛산리프,아이오닉EV,BMW i3,스파크EV,볼트EV,테슬라"
150,서울특별시 강서구 염창동 ,0,5,"SM3 Z.E,레이EV,소울EV,닛산리프,아이오닉EV,BMW i3,스파크EV,볼트EV,테슬라"
153,서울특별시 강서구 화곡동 ,1,0,"SM3 Z.E,테슬라"
157,서울특별시 강서구 가양동 ,1,1,"SM3 Z.E,레이EV,소울EV,닛산리프,아이오닉EV,BMW i3,스파크EV,볼트EV,테슬라"
159,서울특별시 강서구 마곡동 ,1,0,"SM3 Z.E,테슬라"
160,서울특별시 강서구 마곡동 ,1,2,"SM3 Z.E,레이EV,소울EV,닛산리프,아이오닉EV,BMW i3,스파크EV,볼트EV,테슬라"
161,서울특별시 강서구 내발산동 ,1,2,"SM3 Z.E,레이EV,소울EV,닛산리프,아이오닉EV,BMW i3,스파크EV,볼트EV,테슬라"
162,서울특별시 강서구 내발산동 ,1,1,"SM3 Z.E,레이EV,소울EV,닛산리프,아이오닉EV,BMW i3,스파크EV,볼트EV,테슬라"
163,서울특별시 강서구 내발산동 ,1,2,"SM3 Z.E,레이EV,소울EV,닛산리프,아이오닉EV,BMW i3,스파크EV,볼트EV,테슬라"
164,서울특별시 강서구 내발산동 ,1,1,"SM3 Z.E,레이EV,소울EV,닛산리프,아이오닉EV,BMW i3,스파크EV,볼트EV,테슬라"
165,서울특별시 강서구 내발산동 ,1,3,"SM3 Z.E,레이EV,소울EV,닛산리프,아이오닉EV,BMW i3,스파크EV,볼트EV,테슬라"
166,서울특별시 강서구 내발산동 ,0,1,"SM3 Z.E,레이EV,소울EV,닛산리프,아이오닉EV,BMW i3,스파크EV,볼트EV,테슬라"
167,서울특별시 강서구 마곡동 ,0,2,"SM3 Z.E,레이EV,소울EV,닛산리프,아이오닉EV,BMW i3,스파크EV,볼트EV,테슬라"
168,서울특별시 강서구 마곡동 ,0,3,"SM3 Z.E,레이EV,소울EV,닛산리프,아이오닉EV,BMW i3,스파크EV,볼트EV,테슬라"
169,서울특별시 강서구 마곡동 ,1,2,"SM3 Z.E,레이EV,소울EV,닛산리프,아이오닉EV,BMW i3,스파크EV,볼트EV,테슬라"
170,서울특별시 강서구 마곡동 ,1,4,"SM3 Z.E,레이EV,소울EV,닛산리프,아이오닉EV,BMW i3,스파크EV,볼트EV,테슬라"
171,서울특별시 강서구 마곡동 ,1,0,"SM3 Z.E,레이EV,소울EV,닛산리프,아이오닉EV,BMW i3,스파크EV,볼트EV,테슬라"
172,서울특별시 강서구 마곡동 ,1,3,"SM3 Z.E,레이EV,소울EV,닛산리프,아이오닉EV,BMW i3,스파크EV,볼트EV,테슬라"
177,서울특별시 강서구 등촌동 ,0,2,"SM3 Z.E,레이EV,소울EV,닛산리프,아이오닉EV,BMW i3,스파크EV,볼트EV,테슬라"
178,서울특별시 강서구 방화동 ,1,3,"SM3 Z.E,레이EV,소울EV,닛산리프,아이오닉EV,BMW i3,스파크EV,볼트EV,테슬라"
179,서울특별시 강서구 방화동 ,1,0,"SM3 Z.E,레이EV,소울EV,닛산리프,아이오닉EV,BMW i3,스파크EV,볼트EV,테슬라"
181,서울특별시 강서구 마곡동 ,1,0,"SM3 Z.E,테슬라"
184,서울특별시 강서구 염창동 ,0,1,"SM3 Z.E,레이EV,소울EV,닛산리프,아이오닉EV,BMW i3,스파크EV,볼트EV,테슬라"
188,서울특별시 강서구 과해동 ,1,0,"SM3 Z.E,테슬라"
189,서울특별시 강서구 방화동 ,4,0,"SM3 Z.E,레이EV,소울EV,닛산리프,아이오닉EV,BMW i3,스파크EV,볼트EV,테슬라"
190,서울특별시 강서구 등촌동 ,1,2,"SM3 Z.E,레이EV,소울EV,닛산리프,아이오닉EV,BMW i3,스파크EV,볼트EV,테슬라"
191,서울특별시 강서구 화곡동 ,1,0,"SM3 Z.E,레이EV,소울EV,닛산리프,아이오닉EV,BMW i3,스파크EV,볼트EV,테슬라"
490,서울특별시 관악구 봉천동 ,1,0,"SM3 Z.E,테슬라"
491,서울특별시 관악구 신림동 ,1,0,"SM3 Z.E,테슬라"
492,서울특별시 관악구 봉천동 ,1,1,"SM3 Z.E,레이EV,소울EV,닛산리프,아이오닉EV,BMW i3,스파크EV,볼트EV,테슬라"
493,서울특별시 관악구 신림동 ,1,0,"SM3 Z.E,레이EV,소울EV,닛산리프,아이오닉EV,BMW i3,스파크EV,볼트EV,테슬라"
494,서울특별시 관악구 봉천동 ,2,0,"SM3 Z.E,레이EV,소울EV,닛산리프,아이오닉EV,BMW i3,스파크EV,볼트EV,테슬라"
495,서울특별시 관악구 신림동 ,1,0,"SM3 Z.E,레이EV,소울EV,닛산리프,아이오닉EV,BMW i3,스파크EV,볼트EV,테슬라"
496,서울특별시 관악구 봉천동 ,1,2,"SM3 Z.E,레이EV,소울EV,닛산리프,아이오닉EV,BMW i3,스파크EV,볼트EV,테슬라"
497,서울특별시 관악구 봉천동 ,0,1,"레이EV,소울EV,닛산리프,아이오닉EV,BMW i3,스파크EV,볼트EV"
498,서울특별시 관악구 봉천동 ,1,1,"SM3 Z.E,레이EV,소울EV,닛산리프,아이오닉EV,BMW i3,스파크EV,볼트EV,테슬라"
499,서울특별시 관악구 신림동 ,0,1,"SM3 Z.E,레이EV,소울EV,닛산리프,아이오닉EV,BMW i3,스파크EV,볼트EV,테슬라"
500,서울특별시 관악구 신림동 ,0,3,"SM3 Z.E,레이EV,소울EV,닛산리프,아이오닉EV,BMW i3,스파크EV,볼트EV,테슬라"
501,서울특별시 관악구 신림동 ,0,2,"SM3 Z.E,레이EV,소울EV,닛산리프,아이오닉EV,BMW i3,스파크EV,볼트EV,테슬라"
502,서울특별시 관악구 신림동 ,0,2,"SM3 Z.E,레이EV,소울EV,닛산리프,아이오닉EV,BMW i3,스파크EV,볼트EV,테슬라"
503,서울특별시 관악구 신림동 ,1,2,"SM3 Z.E,레이EV,소울EV,닛산리프,아이오닉EV,BMW i3,스파크EV,볼트EV,테슬라"
504,서울특별시 관악구 봉천동 ,1,1,"SM3 Z.E,레이EV,소울EV,닛산리프,아이오닉EV,BMW i3,스파크EV,볼트EV,테슬라"
505,서울특별시 관악구 신림동 ,0,1,"SM3 Z.E,레이EV,소울EV,닛산리프,아이오닉EV,BMW i3,스파크EV,볼트EV,테슬라"
604,서울특별시 광진구 구의동 546-4,5,1,"SM3 Z.E,레이EV,소울EV,닛산리프,아이오닉EV,BMW i3,스파크EV,볼트EV,테슬라"
605,서울특별시 광진구 광장동 아차산로 537-17,1,2,"SM3 Z.E,레이EV,소울EV,닛산리프,아이오닉EV,BMW i3,스파크EV,볼트EV,테슬라"
606,서울특별시 광진구 자양로 117,1,0,"SM3 Z.E,레이EV,소울EV,닛산리프,아이오닉EV,BMW i3,스파크EV,볼트EV,테슬라"
607,서울특별시 광진구 자양동 구의강변로1길 44,0,1,"SM3 Z.E,레이EV,소울EV,닛산리프,아이오닉EV,BMW i3,스파크EV,볼트EV,테슬라"
608,서울특별시 광진구 구의동 199-18,3,0,"SM3 Z.E,테슬라"
609,서울특별시 광진구 구의동 199-18,0,5,"SM3 Z.E,레이EV,소울EV,닛산리프,아이오닉EV,BMW i3,스파크EV,볼트EV,테슬라"
610,서울특별시 광진구 자양동 아차산로 262,1,4,"SM3 Z.E,레이EV,소울EV,닛산리프,아이오닉EV,BMW i3,스파크EV,볼트EV,테슬라"
611,서울특별시 광진구 자양3동 510-8,2,1,"SM3 Z.E,레이EV,소울EV,닛산리프,아이오닉EV,BMW i3,스파크EV,볼트EV,테슬라"
612,서울특별시 광진구 자양동 뚝섬로34길 25-19,0,2,"SM3 Z.E,레이EV,소울EV,닛산리프,아이오닉EV,BMW i3,스파크EV,볼트EV,테슬라"
613,서울특별시 광진구 뚝섬로 52길 74,2,0,"SM3 Z.E,레이EV,소울EV,닛산리프,아이오닉EV,BMW i3,스파크EV,볼트EV,테슬라"
614,서울특별시 광진구 자양동 아차산로36길 13,0,2,"SM3 Z.E,레이EV,소울EV,닛산리프,아이오닉EV,BMW i3,스파크EV,볼트EV,테슬라"
615,서울특별시 광진구 광장동 353,2,0,"SM3 Z.E,레이EV,소울EV,닛산리프,아이오닉EV,BMW i3,스파크EV,볼트EV,테슬라"
625,서울특별시 구로구 개봉동 477,0,2,"SM3 Z.E,레이EV,소울EV,닛산리프,아이오닉EV,BMW i3,스파크EV,볼트EV,테슬라"
626,서울특별시 구로구 개봉동 475,1,1,"SM3 Z.E,레이EV,소울EV,닛산리프,아이오닉EV,BMW i3,스파크EV,볼트EV,테슬라"
627,서울특별시 구로구 고척동 경인로47길 150,0,2,"SM3 Z.E,레이EV,소울EV,닛산리프,아이오닉EV,BMW i3,스파크EV,볼트EV,테슬라"
628,서울특별시 구로구 고척동 340,1,2,"SM3 Z.E,레이EV,소울EV,닛산리프,아이오닉EV,BMW i3,스파크EV,볼트EV,테슬라"
629,서울특별시 구로구 고척로 45길 39,1,0,"SM3 Z.E,레이EV,소울EV,닛산리프,아이오닉EV,BMW i3,스파크EV,볼트EV,테슬라"
630,서울특별시 구로구 고척동 경인로 390,1,1,"SM3 Z.E,레이EV,소울EV,닛산리프,아이오닉EV,BMW i3,스파크EV,볼트EV,테슬라"
631,서울특별시 구로구 고척동 63-6,3,0,"SM3 Z.E,레이EV,소울EV,닛산리프,아이오닉EV,BMW i3,스파크EV,볼트EV,테슬라"
632,서울특별시 구로구 고척동 339,1,3,"SM3 Z.E,레이EV,소울EV,닛산리프,아이오닉EV,BMW i3,스파크EV,볼트EV,테슬라"
633,서울특별시 구로구 구로동 741-44,1,0,"SM3 Z.E,레이EV,소울EV,닛산리프,아이오닉EV,BMW i3,스파크EV,볼트EV,테슬라"
634,서울특별시 구로구 구로동 435,1,0,"SM3 Z.E,레이EV,소울EV,닛산리프,아이오닉EV,BMW i3,스파크EV,볼트EV,테슬라"
635,서울특별시 구로구 구로동 139-82,1,0,"SM3 Z.E,테슬라"
636,서울특별시 구로구 구로동 256-1,1,2,"SM3 Z.E,레이EV,소울EV,닛산리프,아이오닉EV,BMW i3,스파크EV,볼트EV,테슬라"
637,서울특별시 구로구 구로동 가마산로 283,0,2,"SM3 Z.E,레이EV,소울EV,닛산리프,아이오닉EV,BMW i3,스파크EV,볼트EV,테슬라"
638,서울특별시 구로구 구로동 102,1,0,"SM3 Z.E,레이EV,소울EV,닛산리프,아이오닉EV,BMW i3,스파크EV,볼트EV,테슬라"
639,서울특별시 구로구 구로동 102,1,0,"SM3 Z.E,테슬라"
640,서울특별시 구로구 구로동 1269,0,2,"SM3 Z.E,레이EV,소울EV,닛산리프,아이오닉EV,BMW i3,스파크EV,볼트EV,테슬라"
641,서울특별시 구로구 구로동 1283,0,1,"SM3 Z.E,레이EV,소울EV,닛산리프,아이오닉EV,BMW i3,스파크EV,볼트EV,테슬라"
642,서울특별시 구로구 고척동 327,1,2,"SM3 Z.E,레이EV,소울EV,닛산리프,아이오닉EV,BMW i3,스파크EV,볼트EV,테슬라"
643,서울특별시 구로구 구로동 1263,1,1,"SM3 Z.E,레이EV,소울EV,닛산리프,아이오닉EV,BMW i3,스파크EV,볼트EV,테슬라"
644,서울특별시 구로구 구로동 501,0,2,"SM3 Z.E,레이EV,소울EV,닛산리프,아이오닉EV,BMW i3,스파크EV,볼트EV,테슬라"
645,서울특별시 구로구 구로동 46-7,0,2,"SM3 Z.E,레이EV,소울EV,닛산리프,아이오닉EV,BMW i3,스파크EV,볼트EV,테슬라"
646,서울특별시 구로구 신도림동 신도림로 56-13,0,3,"레이EV,소울EV,닛산리프,아이오닉EV,BMW i3,스파크EV,볼트EV"
647,서울특별시 구로구 신도림로 87,1,3,"SM3 Z.E,레이EV,소울EV,닛산리프,아이오닉EV,BMW i3,스파크EV,볼트EV,테슬라"
648,서울특별시 구로구 오류동 346,1,1,"SM3 Z.E,레이EV,소울EV,닛산리프,아이오닉EV,BMW i3,스파크EV,볼트EV,테슬라"
649,서울특별시 구로구 오류동 오류로 30,1,2,"SM3 Z.E,레이EV,소울EV,닛산리프,아이오닉EV,BMW i3,스파크EV,볼트EV,테슬라"
650,서울특별시 구로구 천왕동 천왕로 92,1,3,"SM3 Z.E,레이EV,소울EV,닛산리프,아이오닉EV,BMW i3,스파크EV,볼트EV,테슬라"
651,서울특별시 구로구 천왕동 천왕로 29,1,2,"SM3 Z.E,레이EV,소울EV,닛산리프,아이오닉EV,BMW i3,스파크EV,볼트EV,테슬라"
652,서울특별시 구로구 천왕동 천왕로 10,1,3,"SM3 Z.E,레이EV,소울EV,닛산리프,아이오닉EV,BMW i3,스파크EV,볼트EV,테슬라"
653,서울특별시 구로구 가리봉동 1-11,1,0,"SM3 Z.E,테슬라"
654,서울특별시 구로구 항동 119-12,0,10,"SM3 Z.E,레이EV,소울EV,닛산리프,아이오닉EV,BMW i3,스파크EV,볼트EV,테슬라"
766,서울특별시 금천구 독산동 1148,1,0,"SM3 Z.E,테슬라"
767,서울특별시 금천구 시흥동 1020,1,0,"SM3 Z.E,레이EV,소울EV,닛산리프,아이오닉EV,BMW i3,스파크EV,볼트EV,테슬라"
768,서울특별시 금천구 시흥동 시흥대로 165,2,2,"SM3 Z.E,레이EV,소울EV,닛산리프,아이오닉EV,BMW i3,스파크EV,볼트EV,테슬라"
769,서울특별시 금천구 독산동 152-1,2,0,"SM3 Z.E,레이EV,소울EV,닛산리프,아이오닉EV,BMW i3,스파크EV,볼트EV,테슬라"
770,서울특별시 금천구 가산디지털1로 33-33,1,0,"SM3 Z.E,레이EV,소울EV,닛산리프,아이오닉EV,BMW i3,스파크EV,볼트EV,테슬라"
771,서울특별시 금천구 범안로 17길 1,1,0,"SM3 Z.E,레이EV,소울EV,닛산리프,아이오닉EV,BMW i3,스파크EV,볼트EV,테슬라"
1103,서울특별시 노원구 공릉동 섬밭로 156,1,0,"SM3 Z.E,레이EV,소울EV,닛산리프,아이오닉EV,BMW i3,스파크EV,볼트EV,테슬라"
1104,서울특별시 노원구 공릉동 91,0,2,"SM3 Z.E,레이EV,소울EV,닛산리프,아이오닉EV,BMW i3,스파크EV,볼트EV,테슬라"
1105,서울특별시 노원구 공릉동 동일로175길 38,0,1,"SM3 Z.E,레이EV,소울EV,닛산리프,아이오닉EV,BMW i3,스파크EV,볼트EV,테슬라"
1106,서울특별시 노원구 공릉동 동일로195길 39,0,2,"SM3 Z.E,레이EV,소울EV,닛산리프,아이오닉EV,BMW i3,스파크EV,볼트EV,테슬라"
1107,서울특별시 노원구 공릉동 492-1,0,2,"SM3 Z.E,레이EV,소울EV,닛산리프,아이오닉EV,BMW i3,스파크EV,볼트EV,테슬라"
1108,서울특별시 노원구 공릉동 공릉로 206,0,2,"SM3 Z.E,레이EV,소울EV,닛산리프,아이오닉EV,BMW i3,스파크EV,볼트EV,테슬라"
1109,서울특별시 노원구 공릉동 공릉로27길 110,0,2,"SM3 Z.E,레이EV,소울EV,닛산리프,아이오닉EV,BMW i3,스파크EV,볼트EV,테슬라"
1110,서울특별시 노원구 공릉동 화랑로51길 78,1,2,"SM3 Z.E,레이EV,소울EV,닛산리프,아이오닉EV,BMW i3,스파크EV,볼트EV,테슬라"
1111,서울특별시 노원구 공릉동 섬밭로 139,1,2,"SM3 Z.E,레이EV,소울EV,닛산리프,아이오닉EV,BMW i3,스파크EV,볼트EV,테슬라"
1112,서울특별시 노원구 상계동 701-1,1,0,"SM3 Z.E,레이EV,소울EV,닛산리프,아이오닉EV,BMW i3,스파크EV,볼트EV,테슬라"
1113,서울특별시 노원구 상계동 700,1,4,"SM3 Z.E,테슬라"
1114,서울특별시 노원구 상계동 상계로7길 18,0,2,"SM3 Z.E,레이EV,소울EV,닛산리프,아이오닉EV,BMW i3,스파크EV,볼트EV,테슬라"
1115,서울특별시 노원구 공릉동 670-20,0,2,"SM3 Z.E,레이EV,소울EV,닛산리프,아이오닉EV,BMW i3,스파크EV,볼트EV,테슬라"
1116,서울특별시 노원구 공릉동 섬밭로 52,0,2,"SM3 Z.E,레이EV,소울EV,닛산리프,아이오닉EV,BMW i3,스파크EV,볼트EV,테슬라"
1117,서울특별시 노원구 공릉동 공릉로 213,1,1,"SM3 Z.E,레이EV,소울EV,닛산리프,아이오닉EV,BMW i3,스파크EV,볼트EV,테슬라"
1118,서울특별시 노원구 중계동 중계로 195,1,1,"SM3 Z.E,레이EV,소울EV,닛산리프,아이오닉EV,BMW i3,스파크EV,볼트EV,테슬라"
1119,서울특별시 노원구 중계동 노원로22길 34,1,0,"SM3 Z.E,레이EV,소울EV,닛산리프,아이오닉EV,BMW i3,스파크EV,볼트EV,테슬라"
1120,서울특별시 노원구 상계동 동일로250길 18,0,2,"SM3 Z.E,레이EV,소울EV,닛산리프,아이오닉EV,BMW i3,스파크EV,볼트EV,테슬라"
1121,서울특별시 노원구 중계동 508,4,0,"SM3 Z.E,테슬라"
1122,서울특별시 노원구 공릉동 26-21,2,0,"SM3 Z.E,레이EV,소울EV,닛산리프,아이오닉EV,BMW i3,스파크EV,볼트EV,테슬라"
1123,서울특별시 노원구 상계동 덕릉로 780,1,2,"SM3 Z.E,레이EV,소울EV,닛산리프,아이오닉EV,BMW i3,스파크EV,볼트EV,테슬라"
1124,서울특별시 노원구 상계동 상계로5길 12,1,2,"SM3 Z.E,레이EV,소울EV,닛산리프,아이오닉EV,BMW i3,스파크EV,볼트EV,테슬라"
1125,서울특별시 노원구 상계동 한글비석로52길 66,1,2,"SM3 Z.E,레이EV,소울EV,닛산리프,아이오닉EV,BMW i3,스파크EV,볼트EV,테슬라"
1126,서울특별시 노원구 상계동 652,2,0,"SM3 Z.E,레이EV,소울EV,닛산리프,아이오닉EV,BMW i3,스파크EV,볼트EV,테슬라"
1127,서울특별시 노원구 상계동 624,1,1,"SM3 Z.E,레이EV,소울EV,닛산리프,아이오닉EV,BMW i3,스파크EV,볼트EV,테슬라"
1128,서울특별시 노원구 공릉동 172,3,0,"SM3 Z.E,테슬라"
1129,서울특별시 노원구 상계동 누원로 28,1,1,"SM3 Z.E,레이EV,소울EV,닛산리프,아이오닉EV,BMW i3,스파크EV,볼트EV,테슬라"
1130,서울특별시 노원구 월계동 석계로13길 35,0,2,"SM3 Z.E,레이EV,소울EV,닛산리프,아이오닉EV,BMW i3,스파크EV,볼트EV,테슬라"
1131,서울특별시 노원구 월계동 화랑로 355,0,2,"SM3 Z.E,레이EV,소울EV,닛산리프,아이오닉EV,BMW i3,스파크EV,볼트EV,테슬라"
1132,서울특별시 노원구 월계동 초안산로 89,1,2,"SM3 Z.E,레이EV,소울EV,닛산리프,아이오닉EV,BMW i3,스파크EV,볼트EV,테슬라"
1133,서울특별시 노원구 노원길 130,1,2,"SM3 Z.E,레이EV,소울EV,닛산리프,아이오닉EV,BMW i3,스파크EV,볼트EV,테슬라"
1134,"서울특별시 노원구 노원로22길 71 (중계동, 건영3차아파트)",1,1,"SM3 Z.E,레이EV,소울EV,닛산리프,아이오닉EV,BMW i3,스파크EV,볼트EV,테슬라"
1135,"서울특별시 노원구 섬밭로 265 (중계동, 경남,롯데,상아아파트)",2,0,"SM3 Z.E,레이EV,소울EV,닛산리프,아이오닉EV,BMW i3,스파크EV,볼트EV,테슬라"
1136,서울특별시 노원구 중계동 중계로14나길 25,1,2,"SM3 Z.E,레이EV,소울EV,닛산리프,아이오닉EV,BMW i3,스파크EV,볼트EV,테슬라"
1137,"서울특별시 노원구 덕릉로70가길 21 (상계동, 중계센트럴파크)",1,0,"SM3 Z.E,레이EV,소울EV,닛산리프,아이오닉EV,BMW i3,스파크EV,볼트EV,테슬라"
1138,서울특별시 노원구 중계동 덕릉로 613,0,2,"SM3 Z.E,레이EV,소울EV,닛산리프,아이오닉EV,BMW i3,스파크EV,볼트EV,테슬라"
1139,서울특별시 노원구 중계동 덕릉로76길 29,1,3,"SM3 Z.E,레이EV,소울EV,닛산리프,아이오닉EV,BMW i3,스파크EV,볼트EV,테슬라"
1140,서울특별시 노원구 한글비석로 15길 51,0,1,"SM3 Z.E,레이EV,소울EV,닛산리프,아이오닉EV,BMW i3,스파크EV,볼트EV,테슬라"
1141,서울특별시 노원구 하계동 동일로207길 186,1,4,"SM3 Z.E,레이EV,소울EV,닛산리프,아이오닉EV,BMW i3,스파크EV,볼트EV,테슬라"
1142,서울특별시 노원구 공릉동 215-4,1,0,"SM3 Z.E,테슬라"
1143,서울특별시 노원구 중계동 중계로8길 39,0,2,"SM3 Z.E,레이EV,소울EV,닛산리프,아이오닉EV,BMW i3,스파크EV,볼트EV,테슬라"
1144,서울특별시 노원구 공릉동 화랑로51길 17,1,2,"SM3 Z.E,레이EV,소울EV,닛산리프,아이오닉EV,BMW i3,스파크EV,볼트EV,테슬라"
1323,서울특별시 도봉구 방학동 720-1,1,2,"SM3 Z.E,레이EV,소울EV,닛산리프,아이오닉EV,BMW i3,스파크EV,볼트EV,테슬라"
1324,서울특별시 도봉구 방학동 632-1,1,0,"SM3 Z.E,테슬라"
1325,"서울특별시 도봉구 도봉로 552 (창동, 도봉구민회관)",1,0,"SM3 Z.E,레이EV,소울EV,닛산리프,아이오닉EV,BMW i3,스파크EV,볼트EV,테슬라"
1326,"서울특별시 도봉구 마들로 656 (방학동, 도봉구청)",1,0,"SM3 Z.E,레이EV,소울EV,닛산리프,아이오닉EV,BMW i3,스파크EV,볼트EV,테슬라"
1327,서울특별시 도봉구 마들로 684-20,2,0,"SM3 Z.E,레이EV,소울EV,닛산리프,아이오닉EV,BMW i3,스파크EV,볼트EV,테슬라"
1328,서울특별시 도봉구 마들로 735-8,1,1,"SM3 Z.E,레이EV,소울EV,닛산리프,아이오닉EV,BMW i3,스파크EV,볼트EV,테슬라"
1329,서울특별시 도봉구 창동 노해로69길 103,2,3,"SM3 Z.E,레이EV,소울EV,닛산리프,아이오닉EV,BMW i3,스파크EV,볼트EV,테슬라"
1330,서울특별시 도봉구 방학동 498-16,1,0,"SM3 Z.E,테슬라"
1331,서울특별시 도봉구 방학동 방학로 200,1,2,"SM3 Z.E,레이EV,소울EV,닛산리프,아이오닉EV,BMW i3,스파크EV,볼트EV,테슬라"
1332,서울특별시 도봉구 방학동 방학로12길 53,0,2,"SM3 Z.E,레이EV,소울EV,닛산리프,아이오닉EV,BMW i3,스파크EV,볼트EV,테슬라"
1333,서울특별시 도봉구 시루봉로 11길 25-8,1,0,"SM3 Z.E,레이EV,소울EV,닛산리프,아이오닉EV,BMW i3,스파크EV,볼트EV,테슬라"
1334,서울특별시 도봉구 방학동 도봉로150바길 26,0,2,"SM3 Z.E,레이EV,소울EV,닛산리프,아이오닉EV,BMW i3,스파크EV,볼트EV,테슬라"
1335,서울특별시 도봉구 방학동 도봉로150길 43,0,2,"SM3 Z.E,레이EV,소울EV,닛산리프,아이오닉EV,BMW i3,스파크EV,볼트EV,테슬라"
1336,서울특별시 도봉구 방학동 해등로 286-5,1,3,"SM3 Z.E,레이EV,소울EV,닛산리프,아이오닉EV,BMW i3,스파크EV,볼트EV,테슬라"
1337,서울특별시 도봉구 우이천로 367,1,2,"SM3 Z.E,레이EV,소울EV,닛산리프,아이오닉EV,BMW i3,스파크EV,볼트EV,테슬라"
1338,서울특별시 도봉구 도봉동 도봉산길 35,1,2,"SM3 Z.E,레이EV,소울EV,닛산리프,아이오닉EV,BMW i3,스파크EV,볼트EV,테슬라"
1339,"서울특별시 도봉구 시루봉로2길 62 (쌍문동, 쌍문미라보아파트)",0,1,"SM3 Z.E,레이EV,소울EV,닛산리프,아이오닉EV,BMW i3,스파크EV,볼트EV,테슬라"
1340,서울특별시 도봉구 쌍문동 우이천로30길 28,0,2,"SM3 Z.E,레이EV,소울EV,닛산리프,아이오닉EV,BMW i3,스파크EV,볼트EV,테슬라"
1341,서울특별시 도봉구 시루봉로 58,1,3,"SM3 Z.E,레이EV,소울EV,닛산리프,아이오닉EV,BMW i3,스파크EV,볼트EV,테슬라"
1342,서울특별시 도봉구 창동 462-2,1,0,"SM3 Z.E,테슬라"
1343,서울특별시 도봉구 창동 도봉로136길 111,1,2,"SM3 Z.E,레이EV,소울EV,닛산리프,아이오닉EV,BMW i3,스파크EV,볼트EV,테슬라"
1344,서울특별시 도봉구 창동 도봉로 428,0,2,"SM3 Z.E,레이EV,소울EV,닛산리프,아이오닉EV,BMW i3,스파크EV,볼트EV,테슬라"
1345,서울특별시 도봉구 창동 도봉로 642-30,0,2,"SM3 Z.E,레이EV,소울EV,닛산리프,아이오닉EV,BMW i3,스파크EV,볼트EV,테슬라"
1346,"서울특별시 도봉구 덕릉로63가길 43 (창동, 창동대우아파트)",1,0,"SM3 Z.E,레이EV,소울EV,닛산리프,아이오닉EV,BMW i3,스파크EV,볼트EV,테슬라"
1347,서울특별시 도봉구 창동 마들로 551,1,0,"SM3 Z.E,레이EV,소울EV,닛산리프,아이오닉EV,BMW i3,스파크EV,볼트EV,테슬라"
1348,"서울특별시 도봉구 노해로70길 126 (창동, 주공18단지아파트)",1,0,"SM3 Z.E,레이EV,소울EV,닛산리프,아이오닉EV,BMW i3,스파크EV,볼트EV,테슬라"
1349,서울특별시 도봉구 창동 노해로 403,2,2,"SM3 Z.E,레이EV,소울EV,닛산리프,아이오닉EV,BMW i3,스파크EV,볼트EV,테슬라"
1350,서울특별시 도봉구 덕릉로 60길 164-13,1,1,"SM3 Z.E,레이EV,소울EV,닛산리프,아이오닉EV,BMW i3,스파크EV,볼트EV,테슬라"
1351,서울특별시 도봉구 창동 덕릉로60바길 21,0,1,"SM3 Z.E,레이EV,소울EV,닛산리프,아이오닉EV,BMW i3,스파크EV,볼트EV,테슬라"
1352,서울특별시 도봉구 쌍문동 388-1,1,0,"SM3 Z.E,레이EV,소울EV,닛산리프,아이오닉EV,BMW i3,스파크EV,볼트EV,테슬라"
1353,서울특별시 도봉구 도봉로 678,1,0,"SM3 Z.E,레이EV,소울EV,닛산리프,아이오닉EV,BMW i3,스파크EV,볼트EV,테슬라"
1354,서울특별시 도봉구 방학동 방학로11길 33,0,2,"SM3 Z.E,레이EV,소울EV,닛산리프,아이오닉EV,BMW i3,스파크EV,볼트EV,테슬라"
1435,서울특별시 동대문구 답십리로 130,1,2,"SM3 Z.E,레이EV,소울EV,닛산리프,아이오닉EV,BMW i3,스파크EV,볼트EV,테슬라"
1436,서울특별시 동대문구 답십리로 130,1,2,"SM3 Z.E,레이EV,소울EV,닛산리프,아이오닉EV,BMW i3,스파크EV,볼트EV,테슬라"
1437,서울특별시 동대문구 휘경동 366,1,0,"SM3 Z.E,레이EV,소울EV,닛산리프,아이오닉EV,BMW i3,스파크EV,볼트EV,테슬라"
1438,서울특별시 동대문구 답십리동 한천로37길 33,1,2,"SM3 Z.E,레이EV,소울EV,닛산리프,아이오닉EV,BMW i3,스파크EV,볼트EV,테슬라"
1439,서울특별시 동대문구 휘경동 286-66,2,0,"SM3 Z.E,레이EV,소울EV,닛산리프,아이오닉EV,BMW i3,스파크EV,볼트EV,테슬라"
1440,서울특별시 동대문구 휘경동 망우로20길 86,1,0,"SM3 Z.E,레이EV,소울EV,닛산리프,아이오닉EV,BMW i3,스파크EV,볼트EV,테슬라"
1441,서울특별시 동대문구 이문동 한천로58길 47,1,2,"SM3 Z.E,레이EV,소울EV,닛산리프,아이오닉EV,BMW i3,스파크EV,볼트EV,테슬라"
1442,서울특별시 동대문구 장안동 장안벚꽃로1길 7,1,2,"SM3 Z.E,레이EV,소울EV,닛산리프,아이오닉EV,BMW i3,스파크EV,볼트EV,테슬라"
1443,서울특별시 동대문구 전농동 10,2,0,"SM3 Z.E,레이EV,소울EV,닛산리프,아이오닉EV,BMW i3,스파크EV,볼트EV,테슬라"
1444,"서울특별시 동대문구 왕산로 214 (전농동, 청량리역,롯데백화점)",2,0,"SM3 Z.E,테슬라"
1445,서울특별시 동대문구 답십리동 80,1,1,"SM3 Z.E,레이EV,소울EV,닛산리프,아이오닉EV,BMW i3,스파크EV,볼트EV,테슬라"
1446,서울특별시 null null null null null null null null null null null null null null null null null null null null null null null null null null null null null null null null null null null null null null null null null null null null null null null null null,2,0,"SM3 Z.E,레이EV,소울EV,닛산리프,아이오닉EV,BMW i3,스파크EV,볼트EV,테슬라"
1447,서울특별시 동대문구 휘경동 52,1,1,"SM3 Z.E,레이EV,소울EV,닛산리프,아이오닉EV,BMW i3,스파크EV,볼트EV,테슬라"
1448,서울특별시 동대문구 휘경동 57,1,4,"SM3 Z.E,레이EV,소울EV,닛산리프,아이오닉EV,BMW i3,스파크EV,볼트EV,테슬라"
1449,서울특별시 동대문구 답십리동 465-18,1,0,"SM3 Z.E,레이EV,소울EV,닛산리프,아이오닉EV,BMW i3,스파크EV,볼트EV,테슬라"
1469,서울특별시 동작구 동작대로 19,1,5,"SM3 Z.E,레이EV,소울EV,닛산리프,아이오닉EV,BMW i3,스파크EV,볼트EV,테슬라"
1470,서울특별시 동작구 대방동 여의대방로44길 9,1,2,"SM3 Z.E,레이EV,소울EV,닛산리프,아이오닉EV,BMW i3,스파크EV,볼트EV,테슬라"
1471,서울특별시 동작구 대방동 67-1,1,0,"SM3 Z.E,테슬라"
1472,서울특별시 동작구 상도동 양녕로 287,0,1,"SM3 Z.E,레이EV,소울EV,닛산리프,아이오닉EV,BMW i3,스파크EV,볼트EV,테슬라"
1473,서울특별시 동작구 신대방동 신대방1가길 38,1,3,"SM3 Z.E,레이EV,소울EV,닛산리프,아이오닉EV,BMW i3,스파크EV,볼트EV,테슬라"
1474,서울특별시 동작구 대방동 상도로 53길 8,1,1,"SM3 Z.E,레이EV,소울EV,닛산리프,아이오닉EV,BMW i3,스파크EV,볼트EV,테슬라"
1475,서울특별시 동작구 신대방동 보라매로5가길 16,0,2,"SM3 Z.E,레이EV,소울EV,닛산리프,아이오닉EV,BMW i3,스파크EV,볼트EV,테슬라"
1476,서울특별시 동작구 상도동 301-132,1,0,"SM3 Z.E,테슬라"
1477,서울특별시 동작구 사당동 사당로27길 190,1,1,"SM3 Z.E,레이EV,소울EV,닛산리프,아이오닉EV,BMW i3,스파크EV,볼트EV,테슬라"
1478,서울특별시 동작구 상도동 상도로60길 20,0,1,"SM3 Z.E,레이EV,소울EV,닛산리프,아이오닉EV,BMW i3,스파크EV,볼트EV,테슬라"
1479,서울특별시 동작구 상도동 등용로 37,1,1,"SM3 Z.E,레이EV,소울EV,닛산리프,아이오닉EV,BMW i3,스파크EV,볼트EV,테슬라"
1480,서울특별시 동작구 상도동 장승배기로 11,1,1,"SM3 Z.E,레이EV,소울EV,닛산리프,아이오닉EV,BMW i3,스파크EV,볼트EV,테슬라"
1481,서울특별시 동작구 대방동 345-1,1,0,"SM3 Z.E,레이EV,소울EV,닛산리프,아이오닉EV,BMW i3,스파크EV,볼트EV,테슬라"
1482,서울특별시 동작구 신대방동 여의대방로10길 100,0,2,"SM3 Z.E,레이EV,소울EV,닛산리프,아이오닉EV,BMW i3,스파크EV,볼트EV,테슬라"
1483,서울특별시 동작구 신대방동 여의대방로 28,1,1,"SM3 Z.E,레이EV,소울EV,닛산리프,아이오닉EV,BMW i3,스파크EV,볼트EV,테슬라"
1484,서울특별시 동작구 동작동 동작대로39길 22,1,1,"SM3 Z.E,레이EV,소울EV,닛산리프,아이오닉EV,BMW i3,스파크EV,볼트EV,테슬라"
1485,서울특별시 동작구 흑석동 흑석한강로 2,1,3,"SM3 Z.E,레이EV,소울EV,닛산리프,아이오닉EV,BMW i3,스파크EV,볼트EV,테슬라"
1486,서울특별시 동작구 상도동 상도로 346-2,1,1,"SM3 Z.E,레이EV,소울EV,닛산리프,아이오닉EV,BMW i3,스파크EV,볼트EV,테슬라"
1504,서울특별시 마포구 용강동 토정로31길 24,1,3,"SM3 Z.E,레이EV,소울EV,닛산리프,아이오닉EV,BMW i3,스파크EV,볼트EV,테슬라"
1505,"서울특별시 마포구 만리재로 36 (신공덕동, 공덕 아이파크)",0,2,"SM3 Z.E,레이EV,소울EV,닛산리프,아이오닉EV,BMW i3,스파크EV,볼트EV,테슬라"
1506,서울특별시 마포구 연남동 동교로39길 11,0,1,"SM3 Z.E,레이EV,소울EV,닛산리프,아이오닉EV,BMW i3,스파크EV,볼트EV,테슬라"
1507,서울특별시 마포구 용강동 토정로31길 23,1,3,"SM3 Z.E,레이EV,소울EV,닛산리프,아이오닉EV,BMW i3,스파크EV,볼트EV,테슬라"
1508,서울특별시 마포구 상수동 독막로20나길 22,1,2,"SM3 Z.E,레이EV,소울EV,닛산리프,아이오닉EV,BMW i3,스파크EV,볼트EV,테슬라"
1509,서울특별시 마포구 상수동 독막로20나길 21,1,3,"SM3 Z.E,레이EV,소울EV,닛산리프,아이오닉EV,BMW i3,스파크EV,볼트EV,테슬라"
1510,서울특별시 마포구 공덕동 마포대로 109,0,1,"SM3 Z.E,레이EV,소울EV,닛산리프,아이오닉EV,BMW i3,스파크EV,볼트EV,테슬라"
1511,서울특별시 마포구 용강동 마포대로1길 21,0,2,"SM3 Z.E,레이EV,소울EV,닛산리프,아이오닉EV,BMW i3,스파크EV,볼트EV,테슬라"
1512,서울특별시 마포구 도화동 삼개로 38,1,1,"SM3 Z.E,레이EV,소울EV,닛산리프,아이오닉EV,BMW i3,스파크EV,볼트EV,테슬라"
1513,서울특별시 마포구 아현동 마포대로 195,1,3,"SM3 Z.E,레이EV,소울EV,닛산리프,아이오닉EV,BMW i3,스파크EV,볼트EV,테슬라"
1514,서울특별시 마포구 아현동 마포대로 195,1,4,"SM3 Z.E,레이EV,소울EV,닛산리프,아이오닉EV,BMW i3,스파크EV,볼트EV,테슬라"
1515,서울특별시 마포구 아현동 마포대로 195,1,3,"SM3 Z.E,레이EV,소울EV,닛산리프,아이오닉EV,BMW i3,스파크EV,볼트EV,테슬라"
1516,서울특별시 마포구 아현동 마포대로 195,1,4,"SM3 Z.E,레이EV,소울EV,닛산리프,아이오닉EV,BMW i3,스파크EV,볼트EV,테슬라"
1517,서울특별시 마포구 토정로37길 38,2,5,"SM3 Z.E,레이EV,소울EV,닛산리프,아이오닉EV,BMW i3,스파크EV,볼트EV,테슬라"
1518,서울특별시 마포구 대흥동 804,1,0,"SM3 Z.E,레이EV,소울EV,닛산리프,아이오닉EV,BMW i3,스파크EV,볼트EV,테슬라"
1519,서울특별시 마포구 성산동 275-3,2,0,"SM3 Z.E,레이EV,소울EV,닛산리프,아이오닉EV,BMW i3,스파크EV,볼트EV,테슬라"
1520,서울특별시 마포구 아현동 738,0,2,"SM3 Z.E,레이EV,소울EV,닛산리프,아이오닉EV,BMW i3,스파크EV,볼트EV,테슬라"
1521,서울특별시 마포구 합정동 473,0,5,"SM3 Z.E,레이EV,소울EV,닛산리프,아이오닉EV,BMW i3,스파크EV,볼트EV,테슬라"
1522,"서울특별시 마포구 월드컵로1길 14 (합정동, 마포 한강 푸르지오)",0,3,"레이EV,소울EV,닛산리프,아이오닉EV,BMW i3,스파크EV,볼트EV"
1523,서울특별시 마포구 양화로 45,1,3,"SM3 Z.E,레이EV,소울EV,닛산리프,아이오닉EV,BMW i3,스파크EV,볼트EV,테슬라"
1524,서울특별시 마포구 신공덕동 백범로 230,0,2,"SM3 Z.E,레이EV,소울EV,닛산리프,아이오닉EV,BMW i3,스파크EV,볼트EV,테슬라"
1525,서울특별시 마포구 성산동 531,7,3,"SM3 Z.E,레이EV,소울EV,닛산리프,아이오닉EV,BMW i3,스파크EV,볼트EV,테슬라"
1526,서울특별시 마포구 상암동 월드컵로 338,1,2,"SM3 Z.E,레이EV,소울EV,닛산리프,아이오닉EV,BMW i3,스파크EV,볼트EV,테슬라"
1527,서울특별시 마포구 공덕동 105-1,1,0,"SM3 Z.E,테슬라"
1528,서울특별시 마포구 공덕동 168,1,0,"SM3 Z.E,테슬라"
1529,서울특별시 마포구 도화동 큰우물로 75,0,2,"SM3 Z.E,레이EV,소울EV,닛산리프,아이오닉EV,BMW i3,스파크EV,볼트EV,테슬라"
1530,서울특별시 마포구 신공덕동 만리재로 60,0,2,"SM3 Z.E,레이EV,소울EV,닛산리프,아이오닉EV,BMW i3,스파크EV,볼트EV,테슬라"
1531,서울특별시 마포구 노고산동 1-3,1,1,"SM3 Z.E,레이EV,소울EV,닛산리프,아이오닉EV,BMW i3,스파크EV,볼트EV,테슬라"
1532,서울특별시 마포구 마포동 마포대로 6,1,0,"SM3 Z.E,레이EV,소울EV,닛산리프,아이오닉EV,BMW i3,스파크EV,볼트EV,테슬라"
1533,서울특별시 마포구 합정동 55-1,0,2,"SM3 Z.E,레이EV,소울EV,닛산리프,아이오닉EV,BMW i3,스파크EV,볼트EV,테슬라"
1534,서울특별시 마포구 창전동 서강로 95,1,0,"SM3 Z.E,레이EV,소울EV,닛산리프,아이오닉EV,BMW i3,스파크EV,볼트EV,테슬라"
1535,서울특별시 마포구 토정동 토정로32길 11,1,1,"SM3 Z.E,레이EV,소울EV,닛산리프,아이오닉EV,BMW i3,스파크EV,볼트EV,테슬라"
2101,서울특별시 서대문구 북가좌동 481,1,4,"SM3 Z.E,레이EV,소울EV,닛산리프,아이오닉EV,BMW i3,스파크EV,볼트EV,테슬라"
2102,서울특별시 서대문구 남가좌동 388,0,6,"SM3 Z.E,레이EV,소울EV,닛산리프,아이오닉EV,BMW i3,스파크EV,볼트EV,테슬라"
2103,서울특별시 서대문구 북가좌동 458,1,0,"SM3 Z.E,레이EV,소울EV,닛산리프,아이오닉EV,BMW i3,스파크EV,볼트EV,테슬라"
2104,서울특별시 서대문구 남가좌동 377,1,1,"SM3 Z.E,레이EV,소울EV,닛산리프,아이오닉EV,BMW i3,스파크EV,볼트EV,테슬라"
2105,서울특별시 서대문구 냉천동 261,1,1,"SM3 Z.E,레이EV,소울EV,닛산리프,아이오닉EV,BMW i3,스파크EV,볼트EV,테슬라"
2106,서울특별시 서대문구 홍제동 453-1,0,1,"SM3 Z.E,레이EV,소울EV,닛산리프,아이오닉EV,BMW i3,스파크EV,볼트EV,테슬라"
2107,서울특별시 서대문구 홍제동 38-69,3,0,"SM3 Z.E,테슬라"
2108,서울특별시 서대문구 신촌동 134,3,0,"SM3 Z.E,테슬라"
2109,서울특별시 서대문구 신촌동 134,2,0,"SM3 Z.E,테슬라"
2110,서울특별시 서대문구 연희동 739,0,3,"SM3 Z.E,레이EV,소울EV,닛산리프,아이오닉EV,BMW i3,스파크EV,볼트EV,테슬라"
2111,서울특별시 서대문구 연희동 736,1,0,"SM3 Z.E,테슬라"
2112,"서울특별시 서대문구 연희로32길 48 (연희동, 연희동성원아파트)",1,0,"SM3 Z.E,레이EV,소울EV,닛산리프,아이오닉EV,BMW i3,스파크EV,볼트EV,테슬라"
2113,서울특별시 서대문구 홍제동 469,0,2,"SM3 Z.E,레이EV,소울EV,닛산리프,아이오닉EV,BMW i3,스파크EV,볼트EV,테슬라"
2114,서울특별시 서대문구 홍은동 11-23,1,0,"SM3 Z.E,레이EV,소울EV,닛산리프,아이오닉EV,BMW i3,스파크EV,볼트EV,테슬라"
2135,서울특별시 서초구 우면동 788,0,2,"SM3 Z.E,레이EV,소울EV,닛산리프,아이오닉EV,BMW i3,스파크EV,볼트EV,테슬라"
2136,서울특별시 서초구 우면동 368-1,1,2,"SM3 Z.E,레이EV,소울EV,닛산리프,아이오닉EV,BMW i3,스파크EV,볼트EV,테슬라"
2137,서울특별시 서초구 서초동 1355,0,1,"SM3 Z.E,레이EV,소울EV,닛산리프,아이오닉EV,BMW i3,스파크EV,볼트EV,테슬라"
2138,서울특별시 서초구 양재동 399,1,0,"SM3 Z.E,테슬라"
2139,서울특별시 서초구 반포동 산 94-1,2,0,"SM3 Z.E,테슬라"
2140,서울특별시 서초구 우면동 763,1,0,"SM3 Z.E,레이EV,소울EV,닛산리프,아이오닉EV,BMW i3,스파크EV,볼트EV,테슬라"
2141,서울특별시 서초구 염곡동 300-9,2,0,"SM3 Z.E,테슬라"
2142,서울특별시 서초구 양재동 370-5,1,0,"SM3 Z.E,테슬라"
2143,서울특별시 서초구 서초동 1642-34,0,2,"SM3 Z.E,레이EV,소울EV,닛산리프,아이오닉EV,BMW i3,스파크EV,볼트EV,테슬라"
2144,서울특별시 서초구 서초동 1301-6,1,2,"SM3 Z.E,레이EV,소울EV,닛산리프,아이오닉EV,BMW i3,스파크EV,볼트EV,테슬라"
2145,서울특별시 서초구 방배동 754-1,1,2,"SM3 Z.E,레이EV,소울EV,닛산리프,아이오닉EV,BMW i3,스파크EV,볼트EV,테슬라"
2146,서울특별시 서초구 방배동 755-14,0,2,"SM3 Z.E,레이EV,소울EV,닛산리프,아이오닉EV,BMW i3,스파크EV,볼트EV,테슬라"
2147,서울특별시 서초구 반포동 730-2,1,0,"SM3 Z.E,테슬라"
2148,서울특별시 서초구 반포동 30-26,1,4,"SM3 Z.E,레이EV,소울EV,닛산리프,아이오닉EV,BMW i3,스파크EV,볼트EV,테슬라"
2149,서울특별시 서초구 반포동 60-4,1,0,"SM3 Z.E,레이EV,소울EV,닛산리프,아이오닉EV,BMW i3,스파크EV,볼트EV,테슬라"
2150,서울특별시 서초구 방배동 884-2,0,2,"SM3 Z.E,레이EV,소울EV,닛산리프,아이오닉EV,BMW i3,스파크EV,볼트EV,테슬라"
2151,서울특별시 서초구 방배동 797-30,0,2,"SM3 Z.E,레이EV,소울EV,닛산리프,아이오닉EV,BMW i3,스파크EV,볼트EV,테슬라"
2152,서울특별시 서초구 방배동 3275,0,2,"SM3 Z.E,레이EV,소울EV,닛산리프,아이오닉EV,BMW i3,스파크EV,볼트EV,테슬라"
2153,서울특별시 서초구 방배동 424-28,0,6,"SM3 Z.E,레이EV,소울EV,닛산리프,아이오닉EV,BMW i3,스파크EV,볼트EV,테슬라"
2154,서울특별시 서초구 방배동 844-1,0,2,"SM3 Z.E,레이EV,소울EV,닛산리프,아이오닉EV,BMW i3,스파크EV,볼트EV,테슬라"
2155,서울특별시 서초구 방배동 495-3,1,0,"SM3 Z.E,테슬라"
2156,서울특별시 서초구 반포동 동광로32길 7,0,2,"SM3 Z.E,레이EV,소울EV,닛산리프,아이오닉EV,BMW i3,스파크EV,볼트EV,테슬라"
2157,서울특별시 서초구 내곡동 6-7,1,0,"SM3 Z.E,레이EV,소울EV,닛산리프,아이오닉EV,BMW i3,스파크EV,볼트EV,테슬라"
2158,서울특별시 서초구 서초동 1529,0,3,"SM3 Z.E,레이EV,소울EV,닛산리프,아이오닉EV,BMW i3,스파크EV,볼트EV,테슬라"
2159,서울특별시 서초구 서초동 1456-2,0,1,"SM3 Z.E,레이EV,소울EV,닛산리프,아이오닉EV,BMW i3,스파크EV,볼트EV,테슬라"
2160,서울특별시 서초구 우면동 707,0,2,"SM3 Z.E,레이EV,소울EV,닛산리프,아이오닉EV,BMW i3,스파크EV,볼트EV,테슬라"
2161,서울특별시 서초구 우면동 737,1,2,"SM3 Z.E,레이EV,소울EV,닛산리프,아이오닉EV,BMW i3,스파크EV,볼트EV,테슬라"
2162,서울특별시 서초구 우면동 735,0,2,"SM3 Z.E,레이EV,소울EV,닛산리프,아이오닉EV,BMW i3,스파크EV,볼트EV,테슬라"
2163,서울특별시 서초구 내곡동 77,1,4,"SM3 Z.E,레이EV,소울EV,닛산리프,아이오닉EV,BMW i3,스파크EV,볼트EV,테슬라"
2164,서울특별시 서초구 서초동 1542-1,0,1,"SM3 Z.E,레이EV,소울EV,닛산리프,아이오닉EV,BMW i3,스파크EV,볼트EV,테슬라"
2165,서울특별시 서초구 서초동 1642-14,0,2,"SM3 Z.E,레이EV,소울EV,닛산리프,아이오닉EV,BMW i3,스파크EV,볼트EV,테슬라"
2166,서울특별시 서초구 서초동 1681-8,0,2,"SM3 Z.E,레이EV,소울EV,닛산리프,아이오닉EV,BMW i3,스파크EV,볼트EV,테슬라"
2167,서울특별시 서초구 서초동 1444-19,0,2,"SM3 Z.E,레이EV,소울EV,닛산리프,아이오닉EV,BMW i3,스파크EV,볼트EV,테슬라"
2168,서울특별시 서초구 서초동 1568-1,0,2,"SM3 Z.E,레이EV,소울EV,닛산리프,아이오닉EV,BMW i3,스파크EV,볼트EV,테슬라"
2169,서울특별시 서초구 효령로 72길 60,6,7,"SM3 Z.E,레이EV,소울EV,닛산리프,아이오닉EV,BMW i3,스파크EV,볼트EV,테슬라"
2170,서울특별시 서초구 신원동 374,1,3,"SM3 Z.E,레이EV,소울EV,닛산리프,아이오닉EV,BMW i3,스파크EV,볼트EV,테슬라"
2171,서울특별시 서초구 우면동 753,1,2,"SM3 Z.E,레이EV,소울EV,닛산리프,아이오닉EV,BMW i3,스파크EV,볼트EV,테슬라"
2172,서울특별시 서초구 우면동 773,1,3,"SM3 Z.E,레이EV,소울EV,닛산리프,아이오닉EV,BMW i3,스파크EV,볼트EV,테슬라"
2173,서울특별시 서초구 반포동 19-3,2,0,"SM3 Z.E,테슬라"
2174,서울특별시 서초구 반포동 2-12,0,1,"SM3 Z.E,레이EV,소울EV,닛산리프,아이오닉EV,BMW i3,스파크EV,볼트EV,테슬라"
2175,서울특별시 서초구 양재동 212,0,4,"SM3 Z.E,레이EV,소울EV,닛산리프,아이오닉EV,BMW i3,스파크EV,볼트EV,테슬라"
2176,서울특별시 서초구 양재동 215,4,0,"SM3 Z.E,테슬라"
2177,서울특별시 서초구 서초동 산 130-19,1,0,"SM3 Z.E,레이EV,소울EV,닛산리프,아이오닉EV,BMW i3,스파크EV,볼트EV,테슬라"
2178,서울특별시 서초구 서초동 1549-3,1,0,"SM3 Z.E,레이EV,소울EV,닛산리프,아이오닉EV,BMW i3,스파크EV,볼트EV,테슬라"
2179,서울특별시 서초구 잠원동 10-33,1,0,"SM3 Z.E,테슬라"
2180,서울특별시 서초구 잠원로3길 40,1,0,"SM3 Z.E,테슬라"
2181,서울특별시 서초구 염곡동 304-3,2,0,"SM3 Z.E,테슬라"
2182,서울특별시 서초구 서초동 1338,0,1,"SM3 Z.E,레이EV,소울EV,닛산리프,아이오닉EV,BMW i3,스파크EV,볼트EV,테슬라"
2183,서울특별시 서초구 방배동 774-19,0,2,"레이EV,소울EV,닛산리프,아이오닉EV,BMW i3,스파크EV,볼트EV"
2184,서울특별시 서초구 방배동 772-13,0,2,"레이EV,소울EV,닛산리프,아이오닉EV,BMW i3,스파크EV,볼트EV"
2224,서울특별시 성동구 금호동1가 금호로 140,1,3,"SM3 Z.E,레이EV,소울EV,닛산리프,아이오닉EV,BMW i3,스파크EV,볼트EV,테슬라"
2225,서울특별시 성동구 마장로27길 13,1,7,"SM3 Z.E,레이EV,소울EV,닛산리프,아이오닉EV,BMW i3,스파크EV,볼트EV,테슬라"
2226,서울특별시 성동구 금호동4가 56,1,0,"SM3 Z.E,테슬라"
2227,서울특별시 성동구 금호동2가 금호로 117,1,2,"SM3 Z.E,레이EV,소울EV,닛산리프,아이오닉EV,BMW i3,스파크EV,볼트EV,테슬라"
2228,서울특별시 성동구 성수동1가 685-63번지,11,0,"SM3 Z.E,테슬라"
2229,서울특별시 성동구 응봉동 고산자로4길 34,1,2,"SM3 Z.E,레이EV,소울EV,닛산리프,아이오닉EV,BMW i3,스파크EV,볼트EV,테슬라"
2230,서울특별시 성동구 자동차시장길 49,2,0,"SM3 Z.E,레이EV,소울EV,닛산리프,아이오닉EV,BMW i3,스파크EV,볼트EV,테슬라"
2231,서울특별시 성동구 성수동1가 656-334,2,0,"SM3 Z.E,레이EV,소울EV,닛산리프,아이오닉EV,BMW i3,스파크EV,볼트EV,테슬라"
2232,서울특별시 성동구 성수동2가 284-55,6,0,"SM3 Z.E,테슬라"
2233,서울특별시 성동구 금호동4가 금호로 15,1,0,"SM3 Z.E,레이EV,소울EV,닛산리프,아이오닉EV,BMW i3,스파크EV,볼트EV,테슬라"
2234,서울특별시 성동구 성수동1가 상원6길 16,0,2,"SM3 Z.E,레이EV,소울EV,닛산리프,아이오닉EV,BMW i3,스파크EV,볼트EV,테슬라"
2235,서울특별시 성동구 성수동2가 성수이로 137,1,2,"SM3 Z.E,레이EV,소울EV,닛산리프,아이오닉EV,BMW i3,스파크EV,볼트EV,테슬라"
2236,서울특별시 성동구 하왕십리동 843,1,3,"SM3 Z.E,레이EV,소울EV,닛산리프,아이오닉EV,BMW i3,스파크EV,볼트EV,테슬라"
2237,서울특별시 성동구 상왕십리동 289-5,1,4,"SM3 Z.E,레이EV,소울EV,닛산리프,아이오닉EV,BMW i3,스파크EV,볼트EV,테슬라"
2238,서울특별시 성동구 상왕십리동 302-2,1,1,"SM3 Z.E,레이EV,소울EV,닛산리프,아이오닉EV,BMW i3,스파크EV,볼트EV,테슬라"
2239,서울특별시 성동구 하왕십리동 674-1,1,2,"SM3 Z.E,레이EV,소울EV,닛산리프,아이오닉EV,BMW i3,스파크EV,볼트EV,테슬라"
2240,서울특별시 성동구 사근동 110,2,0,"SM3 Z.E,레이EV,소울EV,닛산리프,아이오닉EV,BMW i3,스파크EV,볼트EV,테슬라"
2241,서울특별시 성동구 행당동 행당로 82,2,2,"SM3 Z.E,레이EV,소울EV,닛산리프,아이오닉EV,BMW i3,스파크EV,볼트EV,테슬라"
2242,서울특별시 성북구 안암동5가 1-2 (고려대학교안암캠퍼스),2,0,"SM3 Z.E,레이EV,소울EV,닛산리프,아이오닉EV,BMW i3,스파크EV,볼트EV,테슬라"
2243,서울특별시 성북구 안암동5가 126-16 (고려대학교안암캠퍼스),1,1,"SM3 Z.E,레이EV,소울EV,닛산리프,아이오닉EV,BMW i3,스파크EV,볼트EV,테슬라"
2244,서울특별시 성북구 정릉동 861-1,2,0,"SM3 Z.E,레이EV,소울EV,닛산리프,아이오닉EV,BMW i3,스파크EV,볼트EV,테슬라"
2245,서울특별시 성북구 돈암동 643,1,2,"SM3 Z.E,레이EV,소울EV,닛산리프,아이오닉EV,BMW i3,스파크EV,볼트EV,테슬라"
2246,서울특별시 성북구 길음동 1283,1,0,"SM3 Z.E,레이EV,소울EV,닛산리프,아이오닉EV,BMW i3,스파크EV,볼트EV,테슬라"
2247,서울특별시 성북구 장위동 317,1,2,"SM3 Z.E,레이EV,소울EV,닛산리프,아이오닉EV,BMW i3,스파크EV,볼트EV,테슬라"
2248,서울특별시 성북구 하월곡동 224,1,2,"SM3 Z.E,레이EV,소울EV,닛산리프,아이오닉EV,BMW i3,스파크EV,볼트EV,테슬라"
2249,서울특별시 성북구 돈암동 603,1,0,"SM3 Z.E,레이EV,소울EV,닛산리프,아이오닉EV,BMW i3,스파크EV,볼트EV,테슬라"
2250,서울특별시 성북구 돈암동 524,1,1,"SM3 Z.E,레이EV,소울EV,닛산리프,아이오닉EV,BMW i3,스파크EV,볼트EV,테슬라"
2251,서울특별시 성북구 돈암동 1-3,0,2,"SM3 Z.E,레이EV,소울EV,닛산리프,아이오닉EV,BMW i3,스파크EV,볼트EV,테슬라"
2252,서울특별시 성북구 하월곡동 88-387,1,2,"SM3 Z.E,레이EV,소울EV,닛산리프,아이오닉EV,BMW i3,스파크EV,볼트EV,테슬라"
2253,서울특별시 성북구 석관동 410,0,10,"SM3 Z.E,레이EV,소울EV,닛산리프,아이오닉EV,BMW i3,스파크EV,볼트EV,테슬라"
2254,서울특별시 성북구 보문동4가 116,0,1,"SM3 Z.E,레이EV,소울EV,닛산리프,아이오닉EV,BMW i3,스파크EV,볼트EV,테슬라"
2255,서울특별시 성북구 돈암동 636,1,1,"SM3 Z.E,레이EV,소울EV,닛산리프,아이오닉EV,BMW i3,스파크EV,볼트EV,테슬라"
2256,서울특별시 성북구 삼선동3가 116,1,2,"SM3 Z.E,레이EV,소울EV,닛산리프,아이오닉EV,BMW i3,스파크EV,볼트EV,테슬라"
2257,서울특별시 성북구 삼선동2가 425,1,3,"SM3 Z.E,레이EV,소울EV,닛산리프,아이오닉EV,BMW i3,스파크EV,볼트EV,테슬라"
2258,서울특별시 성북구 삼선동2가 294-8,0,3,"레이EV,소울EV,닛산리프,아이오닉EV,BMW i3,스파크EV,볼트EV"
2259,서울특별시 성북구 석관동 10,2,0,"SM3 Z.E,레이EV,소울EV,닛산리프,아이오닉EV,BMW i3,스파크EV,볼트EV,테슬라"
2260,서울특별시 성북구 상월곡동 101,1,3,"SM3 Z.E,레이EV,소울EV,닛산리프,아이오닉EV,BMW i3,스파크EV,볼트EV,테슬라"
2261,서울특별시 성북구 정릉동 1035,1,3,"SM3 Z.E,레이EV,소울EV,닛산리프,아이오닉EV,BMW i3,스파크EV,볼트EV,테슬라"
2262,서울특별시 성북구 정릉동 1028,1,2,"SM3 Z.E,레이EV,소울EV,닛산리프,아이오닉EV,BMW i3,스파크EV,볼트EV,테슬라"
2263,서울특별시 성북구 정릉동 239,1,2,"SM3 Z.E,레이EV,소울EV,닛산리프,아이오닉EV,BMW i3,스파크EV,볼트EV,테슬라"
2264,서울특별시 성북구 종암동 80,1,0,"SM3 Z.E,레이EV,소울EV,닛산리프,아이오닉EV,BMW i3,스파크EV,볼트EV,테슬라"
2265,서울특별시 성북구 동소문동7가 23,1,0,"SM3 Z.E,레이EV,소울EV,닛산리프,아이오닉EV,BMW i3,스파크EV,볼트EV,테슬라"
2266,"서울특별시 성북구 동소문로 315 (길음동, 현대백화점미아점)",4,0,"SM3 Z.E,테슬라"
2353,서울특별시 송파구 가락동 154,1,0,"SM3 Z.E,레이EV,소울EV,닛산리프,아이오닉EV,BMW i3,스파크EV,볼트EV,테슬라"
2354,서울특별시 강동구 천호동 ,3,0,"SM3 Z.E,레이EV,소울EV,닛산리프,아이오닉EV,BMW i3,스파크EV,볼트EV,테슬라"
2355,서울특별시 송파구 가락동 동남로 193,2,4,"SM3 Z.E,레이EV,소울EV,닛산리프,아이오닉EV,BMW i3,스파크EV,볼트EV,테슬라"
2356,서울특별시 송파구 가락동 중대로12길 35,0,1,"SM3 Z.E,레이EV,소울EV,닛산리프,아이오닉EV,BMW i3,스파크EV,볼트EV,테슬라"
2357,서울특별시 송파구 잠실동 40,1,3,"SM3 Z.E,레이EV,소울EV,닛산리프,아이오닉EV,BMW i3,스파크EV,볼트EV,테슬라"
2358,서울특별시 송파구 거여동 양산로8길 8,1,4,"SM3 Z.E,레이EV,소울EV,닛산리프,아이오닉EV,BMW i3,스파크EV,볼트EV,테슬라"
2359,서울특별시 송파구 거여동 195-1,1,0,"SM3 Z.E,레이EV,소울EV,닛산리프,아이오닉EV,BMW i3,스파크EV,볼트EV,테슬라"
2360,서울특별시 송파구 거여동 양산로4길 8,1,3,"SM3 Z.E,레이EV,소울EV,닛산리프,아이오닉EV,BMW i3,스파크EV,볼트EV,테슬라"
2361,서울특별시 송파구 거여동 양산로4길 16,1,3,"SM3 Z.E,레이EV,소울EV,닛산리프,아이오닉EV,BMW i3,스파크EV,볼트EV,테슬라"
2362,서울특별시 강동구 천호동 ,1,0,"SM3 Z.E,레이EV,소울EV,닛산리프,아이오닉EV,BMW i3,스파크EV,볼트EV,테슬라"
2363,서울특별시 송파구 잠실동 잠실로 88,2,6,"SM3 Z.E,레이EV,소울EV,닛산리프,아이오닉EV,BMW i3,스파크EV,볼트EV,테슬라"
2364,서울특별시 강동구 천호동 ,2,6,"SM3 Z.E,레이EV,소울EV,닛산리프,아이오닉EV,BMW i3,스파크EV,볼트EV,테슬라"
2365,서울특별시 송파구 성내천로43길 6,1,0,"SM3 Z.E,레이EV,소울EV,닛산리프,아이오닉EV,BMW i3,스파크EV,볼트EV,테슬라"
2366,서울특별시 송파구 문정동 38-3,1,0,"SM3 Z.E,테슬라"
2367,서울특별시 송파구 문정동 문정로 83,1,3,"SM3 Z.E,레이EV,소울EV,닛산리프,아이오닉EV,BMW i3,스파크EV,볼트EV,테슬라"
2368,서울특별시 송파구 오금로 27길 29,0,2,"레이EV,소울EV,닛산리프,아이오닉EV,BMW i3,스파크EV,볼트EV"
2369,서울특별시 송파구 삼전동 175-8,1,0,"SM3 Z.E,레이EV,소울EV,닛산리프,아이오닉EV,BMW i3,스파크EV,볼트EV,테슬라"
2370,서울특별시 송파구 송파동 128,1,0,"SM3 Z.E,테슬라"
2371,서울특별시 송파구 신천동 29-5 송파구청 앞,1,0,"SM3 Z.E,레이EV,소울EV,닛산리프,아이오닉EV,BMW i3,스파크EV,볼트EV,테슬라"
2372,서울특별시 송파구 장지동 516,2,5,"SM3 Z.E,레이EV,소울EV,닛산리프,아이오닉EV,BMW i3,스파크EV,볼트EV,테슬라"
2373,서울특별시 송파구 장지동 879,1,3,"SM3 Z.E,레이EV,소울EV,닛산리프,아이오닉EV,BMW i3,스파크EV,볼트EV,테슬라"
2374,서울특별시 송파구 오금동 51,1,0,"SM3 Z.E,테슬라"
2375,서울특별시 송파구 송파동 오금로32길 14,1,3,"SM3 Z.E,레이EV,소울EV,닛산리프,아이오닉EV,BMW i3,스파크EV,볼트EV,테슬라"
2376,서울특별시 송파구 가락동 송파대로28길 27,1,2,"SM3 Z.E,레이EV,소울EV,닛산리프,아이오닉EV,BMW i3,스파크EV,볼트EV,테슬라"
2377,서울특별시 송파구 장지동 위례광장로 270,0,2,"SM3 Z.E,레이EV,소울EV,닛산리프,아이오닉EV,BMW i3,스파크EV,볼트EV,테슬라"
2378,서울특별시 송파구 장지동 송파대로8길 20,1,2,"SM3 Z.E,레이EV,소울EV,닛산리프,아이오닉EV,BMW i3,스파크EV,볼트EV,테슬라"
2379,서울특별시 송파구 장지동 833,0,2,"SM3 Z.E,레이EV,소울EV,닛산리프,아이오닉EV,BMW i3,스파크EV,볼트EV,테슬라"
2380,서울특별시 송파구 장지동 충민로4길 5,1,2,"SM3 Z.E,레이EV,소울EV,닛산리프,아이오닉EV,BMW i3,스파크EV,볼트EV,테슬라"
2381,서울특별시 송파구 충민로6길 14,1,3,"SM3 Z.E,레이EV,소울EV,닛산리프,아이오닉EV,BMW i3,스파크EV,볼트EV,테슬라"
2382,서울특별시 송파구 충민로 4길 19,1,3,"SM3 Z.E,레이EV,소울EV,닛산리프,아이오닉EV,BMW i3,스파크EV,볼트EV,테슬라"
2383,서울특별시 송파구 송파대로 8길 17,1,2,"SM3 Z.E,레이EV,소울EV,닛산리프,아이오닉EV,BMW i3,스파크EV,볼트EV,테슬라"
2384,서울특별시 송파구 마천동 성내천로37길 37,1,2,"SM3 Z.E,레이EV,소울EV,닛산리프,아이오닉EV,BMW i3,스파크EV,볼트EV,테슬라"
2385,서울특별시 송파구 마천동 성내천로47길 38,1,2,"SM3 Z.E,레이EV,소울EV,닛산리프,아이오닉EV,BMW i3,스파크EV,볼트EV,테슬라"
2386,서울특별시 송파구 풍납동 풍성로26길 31,0,1,"SM3 Z.E,레이EV,소울EV,닛산리프,아이오닉EV,BMW i3,스파크EV,볼트EV,테슬라"
2387,서울특별시 송파구 거여동 28,0,2,"SM3 Z.E,레이EV,소울EV,닛산리프,아이오닉EV,BMW i3,스파크EV,볼트EV,테슬라"
2388,서울특별시 송파구 오금동 51,1,0,"SM3 Z.E,테슬라"
2389,서울특별시 송파구 장지동 380-1,2,6,"SM3 Z.E,레이EV,소울EV,닛산리프,아이오닉EV,BMW i3,스파크EV,볼트EV,테슬라"
2390,서울특별시 송파구 장지동 위례광장로 185,1,0,"SM3 Z.E,레이EV,소울EV,닛산리프,아이오닉EV,BMW i3,스파크EV,볼트EV,테슬라"
2391,서울특별시 송파구 장지동 위례광장로 215,1,3,"SM3 Z.E,레이EV,소울EV,닛산리프,아이오닉EV,BMW i3,스파크EV,볼트EV,테슬라"
2392,서울특별시 강동구 천호동 ,1,2,"SM3 Z.E,레이EV,소울EV,닛산리프,아이오닉EV,BMW i3,스파크EV,볼트EV,테슬라"
2393,서울특별시 송파구 잠실동 250-5,0,1,"SM3 Z.E,레이EV,소울EV,닛산리프,아이오닉EV,BMW i3,스파크EV,볼트EV,테슬라"
2394,서울특별시 강동구 천호동 ,0,1,"SM3 Z.E,레이EV,소울EV,닛산리프,아이오닉EV,BMW i3,스파크EV,볼트EV,테슬라"
2395,서울특별시 강동구 천호동 ,1,2,"SM3 Z.E,레이EV,소울EV,닛산리프,아이오닉EV,BMW i3,스파크EV,볼트EV,테슬라"
2396,서울특별시 송파구 풍납동 토성로 38-6,1,1,"SM3 Z.E,레이EV,소울EV,닛산리프,아이오닉EV,BMW i3,스파크EV,볼트EV,테슬라"
2397,서울특별시 송파구 신천동 7-11,1,0,"SM3 Z.E,레이EV,소울EV,닛산리프,아이오닉EV,BMW i3,스파크EV,볼트EV,테슬라"
2398,서울특별시 송파구 송파동 송파대로48길 29,0,2,"레이EV,소울EV,닛산리프,아이오닉EV,BMW i3,스파크EV,볼트EV"
2785,서울특별시 양천구 신월동 263,1,0,"SM3 Z.E,레이EV,소울EV,닛산리프,아이오닉EV,BMW i3,스파크EV,볼트EV,테슬라"
2786,서울특별시 양천구 신정동 319-15,1,0,"SM3 Z.E,테슬라"
2787,서울특별시 양천구 신정동 319-1,1,7,"SM3 Z.E,레이EV,소울EV,닛산리프,아이오닉EV,BMW i3,스파크EV,볼트EV,테슬라"
2788,서울특별시 양천구 신월동 446-4,1,0,"SM3 Z.E,테슬라"
2789,서울특별시 양천구 목동 965-1,1,0,"SM3 Z.E,테슬라"
2790,서울특별시 양천구 목동 755-1,0,2,"SM3 Z.E,레이EV,소울EV,닛산리프,아이오닉EV,BMW i3,스파크EV,볼트EV,테슬라"
2791,서울특별시 양천구 목동 961,1,3,"SM3 Z.E,레이EV,소울EV,닛산리프,아이오닉EV,BMW i3,스파크EV,볼트EV,테슬라"
2792,서울특별시 양천구 신정동 337,1,0,"SM3 Z.E,레이EV,소울EV,닛산리프,아이오닉EV,BMW i3,스파크EV,볼트EV,테슬라"
2793,서울특별시 양천구 신정동 318-10,1,1,"SM3 Z.E,레이EV,소울EV,닛산리프,아이오닉EV,BMW i3,스파크EV,볼트EV,테슬라"
2794,서울특별시 양천구 목동 905-22,1,2,"SM3 Z.E,레이EV,소울EV,닛산리프,아이오닉EV,BMW i3,스파크EV,볼트EV,테슬라"
2795,서울특별시 양천구 신정동 중앙로36길 15,1,1,"SM3 Z.E,레이EV,소울EV,닛산리프,아이오닉EV,BMW i3,스파크EV,볼트EV,테슬라"
2796,서울특별시 양천구 목동 908-28,0,2,"SM3 Z.E,레이EV,소울EV,닛산리프,아이오닉EV,BMW i3,스파크EV,볼트EV,테슬라"
2797,서울특별시 양천구 목동 900,4,0,"SM3 Z.E,레이EV,소울EV,닛산리프,아이오닉EV,BMW i3,스파크EV,볼트EV,테슬라"
2798,서울특별시 양천구 신월동 남부순환로56길 9,0,3,"SM3 Z.E,레이EV,소울EV,닛산리프,아이오닉EV,BMW i3,스파크EV,볼트EV,테슬라"
2799,서울특별시 양천구 신월동 217-8,0,2,"SM3 Z.E,레이EV,소울EV,닛산리프,아이오닉EV,BMW i3,스파크EV,볼트EV,테슬라"
2800,서울특별시 양천구 신월로20길 7,1,0,"SM3 Z.E,레이EV,소울EV,닛산리프,아이오닉EV,BMW i3,스파크EV,볼트EV,테슬라"
2801,서울특별시 양천구 신정동 1311,0,1,"SM3 Z.E,레이EV,소울EV,닛산리프,아이오닉EV,BMW i3,스파크EV,볼트EV,테슬라"
2802,서울특별시 양천구 신정동 1310,0,1,"SM3 Z.E,레이EV,소울EV,닛산리프,아이오닉EV,BMW i3,스파크EV,볼트EV,테슬라"
2803,서울특별시 양천구 신정동 1324,1,0,"SM3 Z.E,레이EV,소울EV,닛산리프,아이오닉EV,BMW i3,스파크EV,볼트EV,테슬라"
2804,서울특별시 양천구 신정이펜2로 55,0,3,"SM3 Z.E,레이EV,소울EV,닛산리프,아이오닉EV,BMW i3,스파크EV,볼트EV,테슬라"
2805,서울특별시 양천구 신정동 321-4,2,0,"SM3 Z.E,테슬라"
2806,서울특별시 양천구 신월동 1026,1,2,"SM3 Z.E,레이EV,소울EV,닛산리프,아이오닉EV,BMW i3,스파크EV,볼트EV,테슬라"
2807,서울특별시 양천구 신월동 506-1,0,2,"SM3 Z.E,레이EV,소울EV,닛산리프,아이오닉EV,BMW i3,스파크EV,볼트EV,테슬라"
2808,서울특별시 양천구 신정동 1281,1,1,"SM3 Z.E,레이EV,소울EV,닛산리프,아이오닉EV,BMW i3,스파크EV,볼트EV,테슬라"
2809,서울특별시 양천구 목동 923-5,1,0,"SM3 Z.E,테슬라"
2942,서울특별시 영등포구 여의도동 1,0,3,"SM3 Z.E,레이EV,소울EV,닛산리프,아이오닉EV,BMW i3,스파크EV,볼트EV,테슬라"
2943,서울특별시 영등포구 여의도동 21,2,8,"SM3 Z.E,레이EV,소울EV,닛산리프,아이오닉EV,BMW i3,스파크EV,볼트EV,테슬라"
2944,서울특별시 영등포구 문래동3가 80,0,5,"SM3 Z.E,레이EV,소울EV,닛산리프,아이오닉EV,BMW i3,스파크EV,볼트EV,테슬라"
2945,서울특별시 영등포구 문래동3가 80,1,2,"SM3 Z.E,레이EV,소울EV,닛산리프,아이오닉EV,BMW i3,스파크EV,볼트EV,테슬라"
2946,서울특별시 영등포구 당산동3가 385,2,0,"SM3 Z.E,테슬라"
2947,서울특별시 영등포구 당산동2가 16-1,1,2,"SM3 Z.E,레이EV,소울EV,닛산리프,아이오닉EV,BMW i3,스파크EV,볼트EV,테슬라"
2948,서울특별시 영등포구 대림동 608-1,1,4,"SM3 Z.E,레이EV,소울EV,닛산리프,아이오닉EV,BMW i3,스파크EV,볼트EV,테슬라"
2949,서울특별시 영등포구 대림동 870,1,0,"SM3 Z.E,레이EV,소울EV,닛산리프,아이오닉EV,BMW i3,스파크EV,볼트EV,테슬라"
2950,서울특별시 영등포구 대림동 780,1,0,"SM3 Z.E,레이EV,소울EV,닛산리프,아이오닉EV,BMW i3,스파크EV,볼트EV,테슬라"
2951,서울특별시 영등포구 여의도동 의사당대로 127,1,2,"SM3 Z.E,레이EV,소울EV,닛산리프,아이오닉EV,BMW i3,스파크EV,볼트EV,테슬라"
2952,서울특별시 영등포구 문래동3가 93-1,0,3,"SM3 Z.E,레이EV,소울EV,닛산리프,아이오닉EV,BMW i3,스파크EV,볼트EV,테슬라"
2953,서울특별시 영등포구 문래동3가 97,0,1,"SM3 Z.E,레이EV,소울EV,닛산리프,아이오닉EV,BMW i3,스파크EV,볼트EV,테슬라"
2954,서울특별시 영등포구 문래동3가 당산로4길 12,1,2,"SM3 Z.E,레이EV,소울EV,닛산리프,아이오닉EV,BMW i3,스파크EV,볼트EV,테슬라"
2955,서울특별시 영등포구 문래동3가 문래로 82,0,8,"SM3 Z.E,레이EV,소울EV,닛산리프,아이오닉EV,BMW i3,스파크EV,볼트EV,테슬라"
2956,서울특별시 강남구 길동,0,4,"SM3 Z.E,레이EV,소울EV,닛산리프,아이오닉EV,BMW i3,스파크EV,볼트EV,테슬라"
2957,서울특별시 강남구 길동,0,1,"SM3 Z.E,레이EV,소울EV,닛산리프,아이오닉EV,BMW i3,스파크EV,볼트EV,테슬라"
2958,서울특별시 영등포구 당산동4가 93-6,2,0,"SM3 Z.E,테슬라"
2959,서울특별시 영등포구 영등포로 351,1,2,"SM3 Z.E,레이EV,소울EV,닛산리프,아이오닉EV,BMW i3,스파크EV,볼트EV,테슬라"
2960,서울특별시 강남구 길동,0,2,"SM3 Z.E,레이EV,소울EV,닛산리프,아이오닉EV,BMW i3,스파크EV,볼트EV,테슬라"
2961,서울특별시 강남구 길동,1,2,"SM3 Z.E,레이EV,소울EV,닛산리프,아이오닉EV,BMW i3,스파크EV,볼트EV,테슬라"
2962,서울특별시 영등포구 양평동5가 76,1,1,"SM3 Z.E,레이EV,소울EV,닛산리프,아이오닉EV,BMW i3,스파크EV,볼트EV,테슬라"
2963,서울특별시 영등포구 여의도동 18,4,0,"SM3 Z.E,테슬라"
2964,서울특별시 영등포구 당산동3가 3,2,0,"SM3 Z.E,테슬라"
2965,서울특별시 영등포구 당산동3가 370-4,1,0,"SM3 Z.E,테슬라"
2966,서울특별시 강남구 길동,1,3,"SM3 Z.E,레이EV,소울EV,닛산리프,아이오닉EV,BMW i3,스파크EV,볼트EV,테슬라"
2967,서울특별시 영등포구 도림동 도영로 66,1,3,"SM3 Z.E,레이EV,소울EV,닛산리프,아이오닉EV,BMW i3,스파크EV,볼트EV,테슬라"
2968,서울특별시 영등포구 경인로 878,1,2,"SM3 Z.E,레이EV,소울EV,닛산리프,아이오닉EV,BMW i3,스파크EV,볼트EV,테슬라"
3068,서울특별시 용산구 이촌동 이촌로64길 15,1,3,"SM3 Z.E,레이EV,소울EV,닛산리프,아이오닉EV,BMW i3,스파크EV,볼트EV,테슬라"
3069,서울특별시 용산구 용산동6가 11-426,3,0,"SM3 Z.E,레이EV,소울EV,닛산리프,아이오닉EV,BMW i3,스파크EV,볼트EV,테슬라"
3070,서울특별시 용산구 한강로1가 64,0,5,"SM3 Z.E,레이EV,소울EV,닛산리프,아이오닉EV,BMW i3,스파크EV,볼트EV,테슬라"
3071,서울특별시 용산구 이촌로 100-8,1,2,"SM3 Z.E,레이EV,소울EV,닛산리프,아이오닉EV,BMW i3,스파크EV,볼트EV,테슬라"
3072,서울특별시 용산구 이촌동 이촌로 300,1,2,"SM3 Z.E,레이EV,소울EV,닛산리프,아이오닉EV,BMW i3,스파크EV,볼트EV,테슬라"
3073,서울특별시 용산구 백범로 341,1,0,"SM3 Z.E,레이EV,소울EV,닛산리프,아이오닉EV,BMW i3,스파크EV,볼트EV,테슬라"
3074,서울특별시 용산구 원효로1가 백범로 341,0,2,"SM3 Z.E,레이EV,소울EV,닛산리프,아이오닉EV,BMW i3,스파크EV,볼트EV,테슬라"
3075,서울특별시 용산구 원효로1가 원효로90길 11,1,1,"SM3 Z.E,레이EV,소울EV,닛산리프,아이오닉EV,BMW i3,스파크EV,볼트EV,테슬라"
3076,서울특별시 용산구 한강로3가 서빙고로 35,1,0,"SM3 Z.E,레이EV,소울EV,닛산리프,아이오닉EV,BMW i3,스파크EV,볼트EV,테슬라"
3077,서울특별시 용산구 문배동 백범로90길 26,0,2,"SM3 Z.E,레이EV,소울EV,닛산리프,아이오닉EV,BMW i3,스파크EV,볼트EV,테슬라"
3078,서울특별시 용산구 한강로3가 40-999,10,11,"SM3 Z.E,레이EV,소울EV,닛산리프,아이오닉EV,BMW i3,스파크EV,볼트EV,테슬라"
3079,서울특별시 용산구 문배동 백범로90길 74,0,2,"SM3 Z.E,레이EV,소울EV,닛산리프,아이오닉EV,BMW i3,스파크EV,볼트EV,테슬라"
3080,서울특별시 용산구 한강로3가 12,1,0,"SM3 Z.E,레이EV,소울EV,닛산리프,아이오닉EV,BMW i3,스파크EV,볼트EV,테슬라"
3081,서울특별시 용산구 한강로1가 50-1,0,5,"SM3 Z.E,레이EV,소울EV,닛산리프,아이오닉EV,BMW i3,스파크EV,볼트EV,테슬라"
3082,서울특별시 용산구 용산동2가 녹사평대로 245,0,2,"SM3 Z.E,레이EV,소울EV,닛산리프,아이오닉EV,BMW i3,스파크EV,볼트EV,테슬라"
3083,서울특별시 용산구 문배동 청파로 213,1,2,"SM3 Z.E,레이EV,소울EV,닛산리프,아이오닉EV,BMW i3,스파크EV,볼트EV,테슬라"
3084,서울특별시 용산구 이태원로 29,3,0,"SM3 Z.E,테슬라"
3085,"서울특별시 용산구 삼개로 60 (청암동, 천년명가 청암자이)",1,2,"SM3 Z.E,레이EV,소울EV,닛산리프,아이오닉EV,BMW i3,스파크EV,볼트EV,테슬라"
3086,서울특별시 용산구 용산동5가 서빙고로 67,1,3,"SM3 Z.E,레이EV,소울EV,닛산리프,아이오닉EV,BMW i3,스파크EV,볼트EV,테슬라"
3087,서울특별시 용산구 문배동 백범로90길 38,0,1,"SM3 Z.E,레이EV,소울EV,닛산리프,아이오닉EV,BMW i3,스파크EV,볼트EV,테슬라"
3088,서울특별시 용산구 이촌동 이촌로 181,1,2,"SM3 Z.E,레이EV,소울EV,닛산리프,아이오닉EV,BMW i3,스파크EV,볼트EV,테슬라"
3089,서울특별시 용산구 한남동 서빙고로 413,0,2,"SM3 Z.E,레이EV,소울EV,닛산리프,아이오닉EV,BMW i3,스파크EV,볼트EV,테슬라"
3332,서울특별시 은평구 진관동 65-31,0,2,"레이EV,소울EV,닛산리프,아이오닉EV,BMW i3,스파크EV,볼트EV"
3333,서울특별시 은평구 통일로 659,1,3,"SM3 Z.E,레이EV,소울EV,닛산리프,아이오닉EV,BMW i3,스파크EV,볼트EV,테슬라"
3334,서울특별시 은평구 역촌동 산 31-1,1,0,"SM3 Z.E,레이EV,소울EV,닛산리프,아이오닉EV,BMW i3,스파크EV,볼트EV,테슬라"
3335,서울특별시 은평구 백련산로 90,1,0,"SM3 Z.E,레이EV,소울EV,닛산리프,아이오닉EV,BMW i3,스파크EV,볼트EV,테슬라"
3336,서울특별시 은평구 진관동 81,1,2,"SM3 Z.E,레이EV,소울EV,닛산리프,아이오닉EV,BMW i3,스파크EV,볼트EV,테슬라"
3337,서울특별시 은평구 진관동 62,0,3,"SM3 Z.E,레이EV,소울EV,닛산리프,아이오닉EV,BMW i3,스파크EV,볼트EV,테슬라"
3338,서울특별시 강북구 번동 ,1,0,"SM3 Z.E,레이EV,소울EV,닛산리프,아이오닉EV,BMW i3,스파크EV,볼트EV,테슬라"
3339,"서울특별시 은평구 불광천길 436 (응암동, 응암공영주차장)",1,0,"SM3 Z.E,레이EV,소울EV,닛산리프,아이오닉EV,BMW i3,스파크EV,볼트EV,테슬라"
3340,서울특별시 은평구 역촌동 9-54,0,1,"SM3 Z.E,레이EV,소울EV,닛산리프,아이오닉EV,BMW i3,스파크EV,볼트EV,테슬라"
3783,서울특별시 종로구 관철동 7-3,1,2,"SM3 Z.E,테슬라"
3784,서울특별시 종로구 내수동 사직로8길 34,0,2,"SM3 Z.E,레이EV,소울EV,닛산리프,아이오닉EV,BMW i3,스파크EV,볼트EV,테슬라"
3785,서울특별시 종로구 사직동 사직로8길 4,1,3,"SM3 Z.E,레이EV,소울EV,닛산리프,아이오닉EV,BMW i3,스파크EV,볼트EV,테슬라"
3786,서울특별시 종로구 소격동 165-10,2,0,"SM3 Z.E,레이EV,소울EV,닛산리프,아이오닉EV,BMW i3,스파크EV,볼트EV,테슬라"
3787,서울특별시 종로구 구기동 비봉2길 32,0,1,"SM3 Z.E,레이EV,소울EV,닛산리프,아이오닉EV,BMW i3,스파크EV,볼트EV,테슬라"
3788,서울특별시 종로구 명륜2가 창경궁로 265,1,2,"SM3 Z.E,레이EV,소울EV,닛산리프,아이오닉EV,BMW i3,스파크EV,볼트EV,테슬라"
3789,서울특별시 종로구 무악동 통일로 246-20,1,3,"SM3 Z.E,레이EV,소울EV,닛산리프,아이오닉EV,BMW i3,스파크EV,볼트EV,테슬라"
3790,서울특별시 종로구 연건동 28-21,2,0,"SM3 Z.E,테슬라"
3791,서울특별시 종로구 연건동 28-21,2,0,"SM3 Z.E,테슬라"
3792,서울특별시 종로구 연건동 28-2,2,0,"SM3 Z.E,테슬라"
3793,서울특별시 종로구 수송동 80-6,1,0,"SM3 Z.E,레이EV,소울EV,닛산리프,아이오닉EV,BMW i3,스파크EV,볼트EV,테슬라"
3794,서울특별시 종로구 무악동 통일로 246-20,0,2,"SM3 Z.E,레이EV,소울EV,닛산리프,아이오닉EV,BMW i3,스파크EV,볼트EV,테슬라"
3795,서울특별시 종로구 숭인동 동망산길 47,1,0,"SM3 Z.E,레이EV,소울EV,닛산리프,아이오닉EV,BMW i3,스파크EV,볼트EV,테슬라"
3796,서울특별시 종로구 창신동 지봉로5길 7,1,2,"SM3 Z.E,레이EV,소울EV,닛산리프,아이오닉EV,BMW i3,스파크EV,볼트EV,테슬라"
3797,서울특별시 종로구 창신동 낙산길 198,1,1,"SM3 Z.E,레이EV,소울EV,닛산리프,아이오닉EV,BMW i3,스파크EV,볼트EV,테슬라"
3798,서울특별시 종로구 창신동 지봉로 87,0,2,"SM3 Z.E,레이EV,소울EV,닛산리프,아이오닉EV,BMW i3,스파크EV,볼트EV,테슬라"
3799,서울특별시 종로구 인의동 종로 183,0,2,"SM3 Z.E,레이EV,소울EV,닛산리프,아이오닉EV,BMW i3,스파크EV,볼트EV,테슬라"
3800,서울특별시 중구 만리동1가 231,0,2,"SM3 Z.E,레이EV,소울EV,닛산리프,아이오닉EV,BMW i3,스파크EV,볼트EV,테슬라"
3803,서울특별시 중구 장충동2가 산 14-67,3,0,"SM3 Z.E,테슬라"
3805,서울특별시 중구 소공로 35,1,0,"SM3 Z.E,레이EV,소울EV,닛산리프,아이오닉EV,BMW i3,스파크EV,볼트EV,테슬라"
3806,서울특별시 중구 충무로4가 퇴계로 235,0,2,"SM3 Z.E,레이EV,소울EV,닛산리프,아이오닉EV,BMW i3,스파크EV,볼트EV,테슬라"
3807,서울특별시 중구 회현동1가 산 1-19,1,0,"SM3 Z.E,레이EV,소울EV,닛산리프,아이오닉EV,BMW i3,스파크EV,볼트EV,테슬라"
3808,"서울특별시 중구 다산로 32 1동,21동,31동",2,6,"SM3 Z.E,레이EV,소울EV,닛산리프,아이오닉EV,BMW i3,스파크EV,볼트EV,테슬라"
3818,서울특별시 중구 순화동 서소문로9길 28,0,2,"SM3 Z.E,레이EV,소울EV,닛산리프,아이오닉EV,BMW i3,스파크EV,볼트EV,테슬라"
3819,서울특별시 중구 을지로7가 2-1,2,0,"SM3 Z.E,레이EV,소울EV,닛산리프,아이오닉EV,BMW i3,스파크EV,볼트EV,테슬라"
3823,서울특별시 중구 황학동 청계천로 400,2,2,"SM3 Z.E,레이EV,소울EV,닛산리프,아이오닉EV,BMW i3,스파크EV,볼트EV,테슬라"
3825,서울특별시 중구 충무로5가 21,2,0,"SM3 Z.E,테슬라"
3834,서울특별시 중구 태평로1가 31,2,0,"SM3 Z.E,레이EV,소울EV,닛산리프,아이오닉EV,BMW i3,스파크EV,볼트EV,테슬라"
3835,서울특별시 중구 봉래동2가 122,2,0,"SM3 Z.E,테슬라"
3836,서울특별시 중구 남산동3가 11-10,1,2,"SM3 Z.E,레이EV,소울EV,닛산리프,아이오닉EV,BMW i3,스파크EV,볼트EV,테슬라"
3837,서울특별시 중구 남대문로 92,2,5,"SM3 Z.E,레이EV,소울EV,닛산리프,아이오닉EV,BMW i3,스파크EV,볼트EV,테슬라"
3845,서울특별시 중구 소공로 46,1,1,"SM3 Z.E,레이EV,소울EV,닛산리프,아이오닉EV,BMW i3,스파크EV,볼트EV,테슬라"
3847,서울특별시 중구 신당동 349-234,2,0,"SM3 Z.E,테슬라"
3865,서울특별시 중구 명동1가 4-1,3,0,"SM3 Z.E,테슬라"
3873,서울특별시 중구 다동 85-4,3,0,"레이EV,소울EV,닛산리프,아이오닉EV,BMW i3"
3875,서울특별시 중랑구 동일로 862,1,6,"SM3 Z.E,레이EV,소울EV,닛산리프,아이오닉EV,BMW i3,스파크EV,볼트EV,테슬라"
3876,서울특별시 중랑구 면목동 1081-1,1,0,"SM3 Z.E,레이EV,소울EV,닛산리프,아이오닉EV,BMW i3,스파크EV,볼트EV,테슬라"
3877,서울특별시 중랑구 면목동 면목로37길 58,1,2,"SM3 Z.E,레이EV,소울EV,닛산리프,아이오닉EV,BMW i3,스파크EV,볼트EV,테슬라"
3878,서울특별시 중랑구 면목동 사가정로42길 90,1,2,"SM3 Z.E,레이EV,소울EV,닛산리프,아이오닉EV,BMW i3,스파크EV,볼트EV,테슬라"
3879,서울특별시 중랑구 면목동 동일로 483,0,2,"SM3 Z.E,레이EV,소울EV,닛산리프,아이오닉EV,BMW i3,스파크EV,볼트EV,테슬라"
3880,서울특별시 중랑구 묵동 숙선옹주로 6-9,1,2,"SM3 Z.E,레이EV,소울EV,닛산리프,아이오닉EV,BMW i3,스파크EV,볼트EV,테슬라"
3881,서울특별시 중랑구 묵동 동일로 932,1,2,"SM3 Z.E,레이EV,소울EV,닛산리프,아이오닉EV,BMW i3,스파크EV,볼트EV,테슬라"
3882,서울특별시 중랑구 묵동 공릉로18길 59,1,0,"SM3 Z.E,레이EV,소울EV,닛산리프,아이오닉EV,BMW i3,스파크EV,볼트EV,테슬라"
3883,서울특별시 중랑구 상봉동 상봉중앙로1다길 21,1,1,"SM3 Z.E,레이EV,소울EV,닛산리프,아이오닉EV,BMW i3,스파크EV,볼트EV,테슬라"
3884,서울특별시 중랑구 신내동 654,1,1,"SM3 Z.E,레이EV,소울EV,닛산리프,아이오닉EV,BMW i3,스파크EV,볼트EV,테슬라"
3885,서울특별시 중랑구 상봉동 봉화산로 130,1,1,"SM3 Z.E,레이EV,소울EV,닛산리프,아이오닉EV,BMW i3,스파크EV,볼트EV,테슬라"
3886,서울특별시 중랑구 상봉동 1,0,1,"SM3 Z.E,레이EV,소울EV,닛산리프,아이오닉EV,BMW i3,스파크EV,볼트EV,테슬라"
3887,서울특별시 중랑구 신내동 신내역로1길 85,1,2,"SM3 Z.E,레이EV,소울EV,닛산리프,아이오닉EV,BMW i3,스파크EV,볼트EV,테슬라"
3888,서울특별시 중랑구 상봉동 485,1,0,"SM3 Z.E,테슬라"
3890,서울특별시 중랑구 망우동 망우로75길 19,1,2,"SM3 Z.E,레이EV,소울EV,닛산리프,아이오닉EV,BMW i3,스파크EV,볼트EV,테슬라"
3891,서울특별시 중랑구 망우동 양원역로 6,0,2,"SM3 Z.E,레이EV,소울EV,닛산리프,아이오닉EV,BMW i3,스파크EV,볼트EV,테슬라"
3892,서울특별시 중랑구 중화동 73-6,2,0,"SM3 Z.E,테슬라"
3893,서울특별시 중랑구 상봉동 81-5,1,1,"SM3 Z.E,레이EV,소울EV,닛산리프,아이오닉EV,BMW i3,스파크EV,볼트EV,테슬라"
